departement,circonscription,inscrits,votants,blancs,exprimes,numero_panneau,sexe,nom,prenom,nuance,voix
01,1,82673,35728,2245,32678,1,M,MALLET,Laurent,MDM,15114
01,1,82673,35728,2245,32678,5,M,BRETON,Xavier,LR,17564
01,2,93507,39166,2424,35875,6,F,BEGUET,Marie Jeanne,MDM,17319
01,2,93507,39166,2424,35875,8,M,DE LA VERPILLIÈRE,Charles,LR,18556
01,3,75548,29110,1815,26756,4,F,GIVERNET,Olga,REM,16552
01,3,75548,29110,1815,26756,7,F,PERNOD BEAUDON,Stéphanie,LR,10204
01,4,89382,38303,2670,34936,5,M,TROMPILLE,Stéphane,REM,22532
01,4,89382,38303,2670,34936,10,F,CHAUSSAT,Blanche,FN,12404
01,5,75289,31720,2050,28921,9,M,ABAD,Damien,LR,19383
01,5,75289,31720,2050,28921,12,F,DE MEIRE,Hélène,REM,9538
02,1,72347,32764,2262,29678,3,F,BONO-VANDORME,Aude,REM,16684
02,1,72347,32764,2262,29678,4,M,PHILIPPOT,Damien,FN,12994
02,2,73976,31655,1672,29274,1,M,DIVE,Julien,LR,19019
02,2,73976,31655,1672,29274,7,F,SAILLARD-MEUNIER,Sylvie,FN,10255
02,3,68085,31338,1606,29045,3,M,BRICOUT,Jean-Louis,SOC,17558
02,3,68085,31338,1606,29045,10,M,HANSEN-CATTA,Paul-Henry,FN,11487
02,4,79114,32031,2192,28887,2,M,MESSIHA,Jean,FN,12631
02,4,79114,32031,2192,28887,9,M,DELATTE,Marc,REM,16256
02,5,82224,36983,2253,33913,4,M,KRABAL,Jacques,REM,19609
02,5,82224,36983,2253,33913,8,M,DE VOYER,François,FN,14304
03,1,89693,44217,2522,40339,7,F,RIVIERE,Pauline,REM,19424
03,1,89693,44217,2522,40339,11,M,DUFRÈGNE,Jean-Paul,COM,20915
03,2,84575,39226,3711,33423,2,M,DUGLÉRY,Daniel,LR,16027
03,2,84575,39226,3711,33423,12,F,VANCEUNEBROCK-MIALON,Laurence,REM,17396
03,3,79155,36002,2927,31625,3,F,PEYROL,Bénédicte,REM,18480
03,3,79155,36002,2927,31625,6,M,MAQUIN,Gabriel,LR,13145
04,1,61138,28035,2531,24542,7,F,BAGARRY,Delphine,REM,15609
04,1,61138,28035,2531,24542,12,F,BRUN,Odile,FN,8933
04,2,65327,29887,2174,26656,5,M,WALTER,Léo,FI,10244
04,2,65327,29887,2174,26656,6,M,CASTANER,Christophe,REM,16412
05,1,57743,25134,2966,20979,4,F,ASSO,Catherine,LR,8828
05,1,57743,25134,2966,20979,11,F,BOYER,Pascale,REM,12151
05,2,52159,24348,1875,21746,1,M,GIRAUD,Joël,REM,14823
05,2,52159,24348,1875,21746,6,M,MURGIA,Arnaud,DVD,6923
06,1,80469,37286,1324,35381,5,F,REVERSO-MEINIETTI,Caroline,REM,15493
06,1,80469,37286,1324,35381,8,M,CIOTTI,Eric,LR,19888
06,2,85498,36367,2720,32951,1,M,COCHET,Jérôme,FN,13483
06,2,85498,36367,2720,32951,6,M,DOMBREVAL,Loîc,REM,19468
06,3,89137,35377,2119,32482,1,M,ROUSSEL,Cédric,REM,19762
06,3,89137,35377,2119,32482,12,M,VARDON,Philippe,FN,12720
06,4,85586,35370,2040,32321,7,F,VALETTA ARDISSON,Alexandra,REM,17047
06,4,85586,35370,2040,32321,14,M,BETTATI,Olivier,FN,15274
06,5,87900,34807,2106,31736,3,F,AGNELY,Chantal,FN,12311
06,5,87900,34807,2106,31736,6,F,BRENIER,Marine,LR,19425
06,6,77999,32177,2159,29731,1,F,AUDIN,Nathalie,MDM,12680
06,6,77999,32177,2159,29731,10,F,TRASTOUR-ISNART,Laurence,LR,17051
06,7,92854,41723,2088,39153,2,M,PAUGET,Eric,LR,23278
06,7,92854,41723,2088,39153,13,M,BEN ABDERRAHMANE,Khaled,REM,15875
06,8,81987,33045,2022,30464,9,M,BUERCH,Philippe,REM,13061
06,8,81987,33045,2022,30464,10,M,BROCHAND,Bernard,LR,17403
06,9,79936,34691,1767,32477,7,F,FILLEBEEN,Dominique,REM,14947
06,9,79936,34691,1767,32477,10,F,TABAROT,Michèle,LR,17530
07,1,77920,34153,3215,29287,5,M,DUPONT,André,REM,12294
07,1,77920,34153,3215,29287,14,M,SAULIGNAC,Hervé,SOC,16993
07,2,93064,43346,2839,39311,6,F,GOUYET-POMMARET,Laurette,REM,17179
07,2,93064,43346,2839,39311,9,M,DUSSOPT,Olivier,SOC,22132
07,3,78251,36764,4133,30902,9,M,BRUN,Fabrice,LR,16926
07,3,78251,36764,4133,30902,12,M,PEYRAUD,Matthieu,REM,13976
08,1,73371,30381,1787,27715,1,M,MORALI,Jean-Pierre,REM,8404
08,1,73371,30381,1787,27715,10,F,POLETTI,Bérengère,LR,19311
08,2,63880,24495,1724,21901,3,M,IGLESIAS,Mario,REM,8530
08,2,63880,24495,1724,21901,5,M,CORDIER,Pierre,LR,13371
08,3,57036,25533,1312,23658,6,M,WARSMANN,Jean-Luc,LR,17678
08,3,57036,25533,1312,23658,7,F,BLOMME,Amandine,FN,5980
09,1,56731,28613,2041,25409,2,M,AZEMA,Jérôme,REM,12633
09,1,56731,28613,2041,25409,4,F,TAURINE,Bénédicte,FI,12776
09,2,60672,28581,2242,24870,8,F,BERTRAND-VINZERICH,Huguette,REM,12298
09,2,60672,28581,2242,24870,9,M,LARIVE,Michel,FI,12572
10,1,64360,32491,1073,31099,2,M,BESSON-MOREAU,Grégory,REM,11339
10,1,64360,32491,1073,31099,3,M,DHUICQ,Nicolas,LR,10980
10,1,64360,32491,1073,31099,8,M,SUBTIL,Bruno,FN,8780
10,2,73880,33425,2560,29841,11,F,BAZIN-MALGRAS,Valérie,LR,16501
10,2,73880,33425,2560,29841,12,F,HADDAD,Djamila,REM,13340
10,3,65653,27494,2066,24425,4,M,MENUEL,Gérard,LR,12877
10,3,65653,27494,2066,24425,11,M,LANDRÉAT,Pascal,MDM,11548
11,1,95134,45100,3895,39412,12,F,HÉRIN,Danièle,REM,23137
11,1,95134,45100,3895,39412,13,M,BARTHÈS,Christophe,FN,16275
11,2,88898,38200,3459,33155,6,M,DARAUD,Jean-François,FN,13774
11,2,88898,38200,3459,33155,10,M,PEREA,Alain,REM,19381
11,3,88637,44095,4751,36923,6,F,ROBERT,Mireille,REM,19605
11,3,88637,44095,4751,36923,12,M,VIOLA,André,SOC,17318
12,1,76397,38788,2623,34980,2,M,MAZARS,Stéphane,REM,23217
12,1,76397,38788,2623,34980,9,M,CENSI,Yves,LR,11763
12,2,69769,23706,5910,16013,5,F,BLANC,Anne,REM,16013
12,3,71800,39347,2668,35383,1,M,AUSTRUY,Jean-Louis,REM,14449
12,3,71800,39347,2668,35383,4,M,VIALA,Arnaud,LR,20934
13,1,78414,28955,1958,26370,10,F,BOYER,Valérie,LR,14531
13,1,78414,28955,1958,26370,15,M,CHAMASSIAN,Pascal,REM,11839
13,2,78714,33191,2006,30539,8,M,TIAN,Dominique,LR,13814
13,2,78714,33191,2006,30539,15,F,PITOLLAT,Claire,REM,16725
13,3,73497,26084,1219,24467,3,M,RAVIER,Stéphane,FN,11641
13,3,73497,26084,1219,24467,9,F,LOUIS,Alexandra,REM,12826
13,4,59685,21354,1061,19904,8,F,VERSINI,Corinne,REM,7992
13,4,59685,21354,1061,19904,11,M,MÉLENCHON,Jean-Luc,FI,11912
13,5,69055,26900,1889,24373,2,M,DAVI,Hendrik,FI,11648
13,5,69055,26900,1889,24373,10,F,RACON-BOUZON,Cathy,REM,12725
13,6,75652,29058,1864,26711,2,F,LEPRETTRE,Eléonore,MDM,12412
13,6,75652,29058,1864,26711,8,M,TEISSIER,Guy,LR,14299
13,7,65444,18091,967,16814,8,F,GRECH,Sophie,FN,6996
13,7,65444,18091,967,16814,15,M,AHAMADA,Saïd,REM,9818
13,8,100092,41849,2623,38255,15,M,ZULESI,Jean-Marc,REM,22448
13,8,100092,41849,2623,38255,16,M,BAUDINO,Antoine,FN,15807
13,9,96957,39093,2716,35208,3,F,BRUNET,Sylvie,MDM,17333
13,9,96957,39093,2716,35208,13,M,DEFLESSELLES,Bernard,LR,17875
13,10,106109,43264,2895,39427,8,M,JACOBELLI,Laurent,FN,16451
13,10,106109,43264,2895,39427,10,M,LAMBERT,François-Michel,REM,22976
13,11,89268,34614,2695,31018,1,M,KERT,Christian,LR,15214
13,11,89268,34614,2695,31018,7,M,LAQHILA,Mohamed,MDM,15804
13,12,92158,33772,2747,30357,1,M,DIARD,Eric,LR,18861
13,12,92158,33772,2747,30357,8,F,BAL,Camille,REM,11496
13,13,93817,38703,2734,34615,3,F,SIREROLS,Magali,REM,13013
13,13,93817,38703,2734,34615,14,M,DHARRÉVILLE,Pierre,COM,21602
13,14,96420,40119,3187,35697,5,F,PETEL,Anne-Laurence,REM,21500
13,14,96420,40119,3187,35697,13,M,PAOLI,Stéphane,LR,14197
13,15,104899,47671,3106,42917,1,F,FARRO,Nathalie,REM,18675
13,15,104899,47671,3106,42917,11,M,REYNÈS,Bernard,LR,24242
13,16,90614,39456,2412,35846,4,F,LAUPIES,Valérie,FN,17505
13,16,90614,39456,2412,35846,10,F,MICHEL,Monica,REM,18341
14,1,70099,30664,2895,26707,7,M,LE VIGOUREUX,Fabrice,REM,17340
14,1,70099,30664,2895,26707,10,F,DE LA PROVÔTÉ,Sonia,UDI,9367
14,2,67591,29988,1486,27782,6,F,DUMONT,Laurence,SOC,14814
14,2,67591,29988,1486,27782,13,M,HALPHEN,Eric,REM,12968
14,3,78925,33904,2849,29568,5,M,LECLERC,Sébastien,LR,15174
14,3,78925,33904,2849,29568,11,F,LEHERICY,Florence,MDM,14394
14,4,101010,44655,2688,40532,1,F,AMELINE,Nicole,LR,17908
14,4,101010,44655,2688,40532,13,M,BLANCHET,Christophe,REM,22624
14,5,90002,41027,2994,36797,3,M,NOUVELOT,Cédric,LR,16439
14,5,90002,41027,2994,36797,5,M,BOUYX,Bertrand,REM,20358
14,6,93551,40716,3579,35541,5,M,TOURRET,Alain,REM,24289
14,6,93551,40716,3579,35541,10,M,ROY,Jean-Philippe,FN,11252
15,1,62969,33075,1850,30330,9,M,DANEMANS,François,REM,14829
15,1,62969,33075,1850,30330,10,M,DESCOEUR,Vincent,LR,15501
15,2,54290,28061,1356,26005,5,M,BONY,Jean-Yves,LR,14501
15,2,54290,28061,1356,26005,10,F,ROCHES,Patricia,REM,11504
16,1,84935,35362,1902,32295,7,M,MESNIER,Thomas,REM,19360
16,1,84935,35362,1902,32295,8,F,BOUTIN,Martine,FI,12935
16,2,83946,36132,2960,31529,7,M,SAUVAITRE,Daniel,LR,13011
16,2,83946,36132,2960,31529,11,F,MARSAUD,Sandra,REM,18518
16,3,90886,42656,3074,37288,5,F,NGOMBET BITOO,Madeleine,REM,14951
16,3,90886,42656,3074,37288,10,M,LAMBERT,Jérôme,SOC,22337
17,1,103197,44813,2173,41678,3,M,FALORNI,Olivier,DVG,28765
17,1,103197,44813,2173,41678,11,F,FERREIRA,Otilia,MDM,12913
17,2,104292,43219,3634,38166,3,F,MARCILLY,Sylvie,LR,16307
17,2,104292,43219,3634,38166,6,F,TUFFNELL,Fréderique,REM,21859
17,3,82186,34424,3554,29099,6,M,NEVEU,Frederic,LR,12360
17,3,82186,34424,3554,29099,8,M,ARDOUIN,Jean-Philippe,REM,16739
17,4,89894,39719,2969,35229,10,M,GIRARD,Loic,LR,17159
17,4,89894,39719,2969,35229,12,M,GÉRARD,Raphaël,REM,18070
17,5,111434,47910,3919,42175,5,M,POTENNEC,Gérard,DIV,19024
17,5,111434,47910,3919,42175,8,M,QUENTIN,Didier,LR,23151
18,1,72563,31728,3446,27393,4,M,CORMIER-BOULIGEON,François,REM,15397
18,1,72563,31728,3446,27393,6,M,D'ORMESSON,Wladimir,LR,11996
18,2,70141,30443,2203,27328,3,M,SANSU,Nicolas,COM,12962
18,2,70141,30443,2203,27328,8,F,ESSAYAN,Nadia,MDM,14366
18,3,86159,39267,3103,34911,4,M,KERVRAN,Loïc,REM,17775
18,3,86159,39267,3103,34911,6,M,GALUT,Yann,SOC,17136
19,1,92643,49237,4201,42128,2,M,COMBES,Bernard,SOC,19619
19,1,92643,49237,4201,42128,10,M,JERRETIE,Christophe,REM,22509
19,2,92531,44857,4337,37723,2,F,BORDAS,Patricia,REM,18849
19,2,92531,44857,4337,37723,14,F,MEUNIER,Frédérique,LR,18874
21,1,68463,31952,2913,28204,10,M,DUGOURD,François-Xavier,DVD,12935
21,1,68463,31952,2913,28204,15,M,MARTIN,Didier,REM,15269
21,2,68771,30444,2327,27369,11,M,DELATTE,Rémi,LR,14352
21,2,68771,30444,2327,27369,12,M,DESEILLE,François,REM,13017
21,3,70441,30402,2726,26876,3,F,KHATTABI,Fadila,REM,17553
21,3,70441,30402,2726,26876,8,M,BATHELIER,Jean-François,FN,9323
21,4,68705,32711,3288,28104,8,F,DE COURSON,Yolaine,REM,14414
21,4,68705,32711,3288,28104,10,M,BARRIERE,Charles,LR,13690
21,5,84433,36978,2846,33141,4,M,POULLOT,Hubert,LR,15319
21,5,84433,36978,2846,33141,6,M,PARIS,Didier,REM,17822
22,1,89815,41664,3034,37028,7,M,LESAGE,Michel,SOC,14795
22,1,89815,41664,3034,37028,10,M,JONCOUR,Bruno,MDM,22233
22,2,96776,47356,3992,41814,4,M,DÉRU,Didier,LR,14980
22,2,96776,47356,3992,41814,9,M,BERVILLE,Hervé,REM,26834
22,3,86780,49986,1872,47252,3,M,ALLAIN,Olivier,REM,21584
22,3,86780,49986,1872,47252,9,M,LE FUR,Marc,LR,25668
22,4,78690,39868,2581,35758,9,F,LE HOUÉROU,Annie,SOC,17705
22,4,78690,39868,2581,35758,11,M,KERLOGOT,Yannick,REM,18053
22,5,103752,50676,4675,44024,3,M,DE CHAISEMARTIN,Jean-Yves,UDI,14788
22,5,103752,50676,4675,44024,9,M,BOTHOREL,Eric,REM,29236
23,1,92984,44710,4878,37246,3,M,MOREAU,Jean-Baptiste,REM,21688
23,1,92984,44710,4878,37246,9,M,SAUTY,Jérémie,LR,15558
24,1,76013,36953,2456,32931,2,M,CHASSAING,Philippe,REM,17298
24,1,76013,36953,2456,32931,8,F,REYS,Hélène,FI,15633
24,2,82415,38941,3711,33648,4,M,DELPON,Michel,REM,22317
24,2,82415,38941,3711,33648,8,M,DUBOIS,Robert,FN,11331
24,3,67406,37466,2946,32699,1,M,CUBERTAFON,Jean-Pierre,MDM,16678
24,3,67406,37466,2946,32699,9,F,LANGLADE,Colette,SOC,16021
24,4,87718,44239,3236,39126,1,F,CHALARD,Émilie,FI,17136
24,4,87718,44239,3236,39126,8,F,DUBOIS,Jacqueline,REM,21990
25,1,75240,31888,2494,28312,8,F,ROMAGNAN,Barbara,SOC,13169
25,1,75240,31888,2494,28312,9,F,CHARVIER,Fannette,REM,15143
25,2,78394,35059,2448,31632,1,M,ALAUZET,Eric,ECO,19672
25,2,78394,35059,2448,31632,4,M,FAGAUT,Ludovic,LR,11960
25,3,65923,29017,2477,25473,1,M,CARTIER,Frédéric,LR,12530
25,3,65923,29017,2477,25473,9,M,SOMMER,Denis,REM,12943
25,4,66862,28545,1940,25701,6,M,BARBIER,Frédéric,REM,15841
25,4,66862,28545,1940,25701,8,F,MONTEL,Sophie,FN,9860
25,5,81964,39352,1953,36486,5,F,LE HIR,Sylvie,REM,14674
25,5,81964,39352,1953,36486,10,F,GENEVARD,Annie,LR,21812
26,1,75255,30415,2609,26802,6,F,CLAPOT,Mireille,REM,15248
26,1,75255,30415,2609,26802,14,M,RACT-MADOUX,Bertrand,LR,11554
26,2,93264,39392,2946,35379,3,F,PELLIER,Laure,FN,13160
26,2,93264,39392,2946,35379,8,F,THOUROT,Alice,REM,22219
26,3,106713,50260,5489,43024,2,M,BERARD,Paul,LR,18506
26,3,106713,50260,5489,43024,13,F,DE LAVERGNE,Célia,REM,24518
26,4,94249,40432,3403,35636,5,F,CHAY,Latifa,REM,15520
26,4,94249,40432,3403,35636,9,F,ANTHOINE,Emmanuelle,LR,20116
27,1,86406,36514,2511,33159,12,M,LE MAIRE,Bruno,REM,21398
27,1,86406,36514,2511,33159,13,F,DELACOUR,Fabienne,FN,11761
27,2,78471,35203,2745,31709,2,M,CAMOIN,Emmanuel,FN,11653
27,2,78471,35203,2745,31709,4,M,GOUTTEFARDE,Fabien,REM,20056
27,3,84388,38738,2792,35063,4,M,HOUSSIN,Timothée,FN,14275
27,3,84388,38738,2792,35063,7,F,TAMARELLE-VERHAEGHE,Marie,MDM,20788
27,4,89940,38547,3225,34298,5,M,QUESTEL,Bruno,REM,20755
27,4,89940,38547,3225,34298,11,F,PERREAUX,Doris,FN,13543
27,5,88484,37811,3131,33588,11,F,O'PETIT,Claire,REM,18804
27,5,88484,37811,3131,33588,15,M,TAILLIEU,Vincent,FN,14784
28,1,89131,38733,3096,34661,3,M,KASBARIAN,Guillaume,REM,19127
28,1,89131,38733,3096,34661,4,M,MASSELUS,Franck,LR,15534
28,2,74320,29772,1726,27455,2,M,MARLEIX,Olivier,LR,16303
28,2,74320,29772,1726,27455,11,F,HOUD,Claire Tassadit,REM,11152
28,3,70743,31860,2000,28997,2,M,HUWART,Harold,RDG,12729
28,3,70743,31860,2000,28997,9,F,DE LA RAUDIERE,Laure,LR,16268
28,4,67208,31718,1636,29390,2,F,ROUVIER,Clémence,REM,8705
28,4,67208,31718,1636,29390,3,M,VIGIER,Philippe,UDI,20685
29,1,88866,42230,2639,38427,4,F,LE MEUR,Annaïg,REM,20925
29,1,88866,42230,2639,38427,14,M,URVOAS,Jean-Jacques,SOC,17502
29,2,77724,34260,2851,31284,3,M,CADALEN,Pierre-Yves,FI,12646
29,2,77724,34260,2851,31284,5,M,LARSONNEUR,Jean-Charles,REM,18638
29,3,89311,40725,2777,37226,4,M,LE GAC,Didier,REM,22593
29,3,89311,40725,2777,37226,7,M,BLEUNVEN,Jean-Luc,DVG,14633
29,4,82153,41064,3505,36441,7,F,LE FEUR,Sandrine,REM,19001
29,4,82153,41064,3505,36441,11,M,DE CALAN,Maël,LR,17440
29,5,94491,43330,3380,38887,3,F,MELCHIOR,Graziella,REM,20957
29,5,94491,43330,3380,38887,6,M,LECLERC,Patrick,DVD,17930
29,6,89269,43065,4327,37131,3,F,NICOLAS,Gaëlle,LR,16140
29,6,89269,43065,4327,37131,4,M,FERRAND,Richard,REM,20991
29,7,80365,38003,3807,32744,6,F,TANGUY,Liliane,REM,20611
29,7,80365,38003,3807,32744,11,M,GUILLON,Didier,LR,12133
29,8,87201,39920,3024,35436,1,M,QUERNEZ,Michael,SOC,17203
29,8,87201,39920,3024,35436,8,M,BALANANT,Erwan,REM,18233
2A,1,50873,20737,1058,18892,3,M,FERRARA,Jean-Jacques,LR,12278
2A,1,50873,20737,1058,18892,7,F,GUIDICELLI,Maria,REM,6614
2A,2,57877,31866,1105,30128,4,M,COLOMBANI,Paul-André,REG,16637
2A,2,57877,31866,1105,30128,5,M,DE ROCCA SERRA,Camille,LR,13491
2B,1,58772,28930,1315,26769,3,M,GANDOLFI-SCHEIT,Sauveur,LR,10490
2B,1,58772,28930,1315,26769,9,M,CASTELLANI,Michel,REG,16279
2B,2,65966,35851,1404,33727,4,M,ACQUAVIVA,Jean-Félix,REG,21302
2B,2,65966,35851,1404,33727,6,M,GIUDICI,Francis,REM,12425
30,1,86941,35012,2256,31835,1,M,GILLET,Yoann,FN,14470
30,1,86941,35012,2256,31835,10,F,DUMAS,Françoise,REM,17365
30,2,89016,42915,2322,39545,1,M,COLLARD,Gilbert,FN,19834
30,2,89016,42915,2322,39545,11,F,MARIE SARA,.,MDM,19711
30,3,93543,41068,2917,37120,7,F,TEZENAS DU MONTCEL,Monique,FN,15212
30,3,93543,41068,2917,37120,8,M,CELLIER,Anthony,REM,21908
30,4,91103,39230,3577,34402,2,F,ROULLAUD,Brigitte,FN,14375
30,4,91103,39230,3577,34402,11,F,CHAPELIER,Annie,REM,20027
30,5,95845,42449,4326,36605,2,F,DE VIDO,Daniela,FN,13337
30,5,95845,42449,4326,36605,15,M,GAILLARD,Olivier,REM,23268
30,6,81176,32923,2325,29626,4,F,GARDET,Laurence,FN,11747
30,6,81176,32923,2325,29626,6,M,BERTA,Philippe,REM,17879
31,1,82095,35296,2277,31759,5,M,CABARE,Pierre,REM,16203
31,1,82095,35296,2277,31759,12,F,DUJARDIN,Claire,FI,15556
31,2,100474,44608,2691,40694,8,F,STAMBACH-TERRENOIR,Anne,FI,18113
31,2,100474,44608,2691,40694,10,M,LAGLEIZE,Jean-Luc,MDM,22581
31,3,78104,35862,3975,30683,1,F,VIGNON,Corinne,REM,16254
31,3,78104,35862,3975,30683,6,F,ARRIBAGÉ,Laurence,LR,14429
31,4,69348,28478,1552,26307,1,M,HOANG NGOC,Liem,FI,12650
31,4,69348,28478,1552,26307,13,M,NOGAL,Mickaël,REM,13657
31,5,98384,43495,3529,38595,6,M,LEONARDELLI,Julien,FN,12504
31,5,98384,43495,3529,38595,9,M,PORTARRIEU,Jean-François,REM,26091
31,6,111355,51734,3449,46417,14,M,JIMENA,Patrick,FI,20483
31,6,111355,51734,3449,46417,16,F,IBORRA,Monique,REM,25934
31,7,99767,44486,3851,39093,4,F,DOMBES,Marie,FN,12572
31,7,99767,44486,3851,39093,6,F,TOUTUT-PICARD,Elisabeth,REM,26521
31,8,85426,40332,3671,34449,2,M,AVIRAGNET,Joël,SOC,17270
31,8,85426,40332,3671,34449,6,M,MONTSARRAT,Michel,REM,17179
31,9,79397,34429,2021,31449,1,M,BOMPARD,Manuel,FI,14991
31,9,79397,34429,2021,31449,12,F,MÖRCH,Sandrine,REM,16458
31,10,95358,49794,3621,44560,2,F,FABRE,Monique,FI,17512
31,10,95358,49794,3621,44560,7,M,NADOT,Sébastien,REM,27048
32,1,73503,37577,3579,32292,2,M,DUPOUEY,Francis,SOC,13159
32,1,73503,37577,3579,32292,5,M,CAZENEUVE,Jean-René,REM,19133
32,2,71502,35923,3289,30973,2,M,SOCCIO,Christopher,REM,15001
32,2,71502,35923,3289,30973,12,F,BIÉMOURET,Gisèle,SOC,15972
33,1,94988,38492,2855,34645,1,F,DAVID,Dominique,REM,20645
33,1,94988,38492,2855,34645,4,M,FLORIAN,Nicolas,LR,14000
33,2,65995,25143,2576,21749,10,F,FABRE,Catherine,REM,13874
33,2,65995,25143,2576,21749,14,F,WALRYCK,Anne,LR,7875
33,3,81024,34691,1592,32365,4,M,PRUD'HOMME,Loïc,FI,16248
33,3,81024,34691,1592,32365,21,M,FETOUH,Marik,REM,16117
33,4,93631,34974,3003,30542,1,M,DAVID,Alain,SOC,15550
33,4,93631,34974,3003,30542,9,M,S'KALLI-BOUAZIZA,Aziz,REM,14992
33,5,110514,46708,3273,41643,7,F,GOT,Pascale,SOC,20632
33,5,110514,46708,3273,41643,11,M,SIMIAN,Benoit,REM,21011
33,6,103728,44436,2882,40280,9,F,RÉCALDE,Marie,SOC,16590
33,6,103728,44436,2882,40280,10,M,POULLIAT,Eric,REM,23690
33,7,76934,34126,2109,31065,8,F,COUILLARD,Bérangère,REM,17304
33,7,76934,34126,2109,31065,14,M,GARRIGOU,Bernard,SOC,13761
33,8,109060,49240,3145,44710,1,F,PANONACLE,Sophie,REM,26713
33,8,109060,49240,3145,44710,5,M,FOULON,Yves,LR,17997
33,9,93598,39773,4031,33733,8,M,SAVARY,Gilles,SOC,15674
33,9,93598,39773,4031,33733,9,F,METTE,Sophie,MDM,18059
33,10,80799,36091,2624,32067,7,M,BOUDIÉ,Florent,REM,21772
33,10,80799,36091,2624,32067,11,F,CHADOURNE,Sandrine,FN,10295
33,11,92940,40799,2584,36976,12,F,HAMMERER,Véronique,REM,21085
33,11,92940,40799,2584,36976,16,F,DIAZ,Edwige,FN,15891
33,12,83342,38565,2523,34688,6,F,DUBOS,Christelle,REM,19670
33,12,83342,38565,2523,34688,8,M,MIQUEU,Christophe,FI,15018
34,1,84644,33993,2886,30258,4,F,JAMET,France,FN,10381
34,1,84644,33993,2886,30258,6,F,MIRALLÈS,Patricia,REM,19877
34,2,60438,22707,1480,20677,7,F,JANNIN,Stéphanie,REM,9866
34,2,60438,22707,1480,20677,14,F,RESSIGUIER,Muriel,FI,10811
34,3,85109,37702,3017,33437,6,M,VIDAL,Stéphane,FI,13226
34,3,85109,37702,3017,33437,7,F,DUBOST,Coralie,REM,20211
34,4,111989,46308,4592,40203,1,M,GAUBERT,François,FN,13771
34,4,111989,46308,4592,40203,2,M,ELIAOU,Jean-François,REM,26432
34,5,94240,41863,4126,36276,6,M,ARDINAT,Gilles,FN,15107
34,5,94240,41863,4126,36276,10,M,HUPPÉ,Philippe,REM,21169
34,6,91267,41586,2154,38590,3,F,VOYER,Isabelle,REM,17950
34,6,91267,41586,2154,38590,14,F,MÉNARD,Emmanuelle,FN,20640
34,7,102087,43641,3158,39037,8,M,EUZET,Christophe,REM,20623
34,7,102087,43641,3158,39037,14,F,ROQUES,Myriam,FN,18414
34,8,88548,35586,3081,31437,4,M,PRATO,Gérard,FN,11680
34,8,88548,35586,3081,31437,13,M,DÉMOULIN,Nicolas,REM,19757
34,9,82125,33299,2446,29893,2,M,VOUZELLAUD,Guillaume,FN,10600
34,9,82125,33299,2446,29893,7,M,VIGNAL,Patrick,REM,19293
35,1,89688,38024,4085,32865,1,M,LAABID,Mostapha,REM,19346
35,1,89688,38024,4085,32865,7,M,LE BLOND,Grégoire,UDI,13519
35,2,92294,41914,4478,36165,7,M,PLOUVIER,Bertrand,LR,9243
35,2,92294,41914,4478,36165,13,F,MAILLART-MÉHAIGNERIE,Laurence,MDM,26922
35,3,86153,37015,2990,32937,10,M,ANDRÉ,François,SOC,21693
35,3,86153,37015,2990,32937,12,F,PARMENTIER,Mélina,LR,11244
35,4,90383,39684,2020,36708,4,M,LE BOHEC,Gaël,REM,22667
35,4,90383,39684,2020,36708,9,M,MARTIN,Marc,FI,14041
35,5,103298,47725,2620,44173,3,F,LE CALLENNEC,Isabelle,LR,20627
35,5,103298,47725,2620,44173,10,F,CLOAREC,Christine,REM,23546
35,6,86948,42418,2372,39022,1,F,VAHÉ,Nolwenn,REM,16389
35,6,86948,42418,2372,39022,10,M,BENOIT,Thierry,UDI,22633
35,7,99142,49560,2312,46314,2,M,LURTON,Gilles,LR,26032
35,7,99142,49560,2312,46314,14,F,FRIBOLLE,Valérie,REM,20282
35,8,83469,38985,1991,36272,8,M,BACHELIER,Florian,REM,22111
35,8,83469,38985,1991,36272,16,F,LE PAPE,Enora,FI,14161
36,1,80545,35967,3101,31672,8,F,WUNSCH,Mylène,FN,9369
36,1,80545,35967,3101,31672,13,M,JOLIVET,François,REM,22303
36,2,90052,43498,4360,37180,9,M,FORISSIER,Nicolas,LR,19218
36,2,90052,43498,4360,37180,10,F,GUERIN,Sophie,MDM,17962
37,1,68633,27864,1990,25121,3,M,GILLE,Jean-Patrick,SOC,11573
37,1,68633,27864,1990,25121,14,M,CHALUMEAU,Philippe,REM,13548
37,2,88627,39832,3260,35513,7,M,LABARONNE,Daniel,REM,20192
37,2,88627,39832,3260,35513,11,F,GREFF,Claude,LR,15321
37,3,97488,44482,3830,39216,10,F,AUCONIE,Sophie,UDI,22194
37,3,97488,44482,3830,39216,12,F,TOURAINE,Marisol,SOC,17022
37,4,90130,39601,3873,34322,6,F,COLBOC,Fabienne,REM,19995
37,4,90130,39601,3873,34322,12,M,NOVELLI,Hervé,LR,14327
37,5,83880,36521,3192,32223,8,F,THILLAYE,Sabine,REM,18782
37,5,83880,36521,3192,32223,10,M,BOIGARD,Fabrice,LR,13441
38,1,83180,38017,3225,34090,5,M,VERAN,Olivier,REM,23212
38,1,83180,38017,3225,34090,10,M,MERMILLOD-BLONDIN,Jean-Damien,UDI,10878
38,2,77428,30155,2577,26900,3,M,JOLLY,Alexis,FN,7115
38,2,77428,30155,2577,26900,5,M,COLAS-ROY,Jean-Charles,REM,19785
38,3,59776,23894,1181,22246,3,F,CHALAS,Emilie,REM,12014
38,3,59776,23894,1181,22246,4,M,BRIOT,Raphaël,FI,10232
38,4,89757,38234,2401,34725,11,F,BATTISTEL,Marie-Noëlle,SOC,18755
38,4,89757,38234,2401,34725,12,M,HUGELÉ,Fabrice,REM,15970
38,5,102304,41488,4052,36182,9,M,LANGENIEUX-VILLARD,Philippe,LR,12046
38,5,102304,41488,4052,36182,12,F,KAMOWSKI,Catherine,REM,24136
38,6,83266,35786,1702,33506,6,M,DÉZEMPTE,Gérard,FN,15062
38,6,83266,35786,1702,33506,8,F,MOTIN,Cendra,REM,18444
38,7,91447,38570,3359,34172,5,F,LIMON,Monique,REM,17716
38,7,91447,38570,3359,34172,6,M,NEUDER,Yannick,LR,16456
38,8,78571,32677,2333,29578,1,M,MONNIER,Thibaut,FN,10671
38,8,78571,32677,2333,29578,2,F,ABADIE,Caroline,REM,18907
38,9,97178,39420,4263,34098,1,F,JACQUIER-LAFORGE,Elodie,MDM,20544
38,9,97178,39420,4263,34098,6,M,GATTAZ,Bruno,LR,13554
38,10,93761,36779,2622,33372,2,F,MEYNIER-MILLEFERT,Marjolaine,REM,21566
38,10,93761,36779,2622,33372,3,M,BREUIL,Alain,FN,11806
39,1,65422,30835,2944,26776,8,F,BRULEBOIS,Danielle,REM,15498
39,1,65422,30835,2944,26776,11,M,BRERO,Cyrille,LR,11278
39,2,55226,25165,1710,22848,7,F,PROST-GROSJEAN,Anne,MDM,9785
39,2,55226,25165,1710,22848,11,F,DALLOZ,Marie-Christine,LR,13063
39,3,69497,33940,2436,30339,7,M,SERMIER,Jean-Marie,LR,17679
39,3,69497,33940,2436,30339,8,M,BARD,Paul-Henri,MDM,12660
40,1,101388,46919,4064,41153,3,F,DARRIEUSSECQ,Geneviève,MDM,26192
40,1,101388,46919,4064,41153,6,M,LAGRAVE,Renaud,SOC,14961
40,2,112273,52297,3454,47153,2,M,CAUSSE,Lionel,REM,29682
40,2,112273,52297,3454,47153,6,F,DACHARRY,Caroline,FI,17471
40,3,96511,51367,3340,46229,2,M,VALLAUD,Boris,SOC,23460
40,3,96511,51367,3340,46229,8,M,STEINER,Jean-Pierre,REM,22769
41,1,82752,37298,3092,33135,7,M,FESNEAU,Marc,MDM,22914
41,1,82752,37298,3092,33135,9,M,CHASSIER,Michel,FN,10221
41,2,80340,39034,2581,35432,9,M,BRAULT,Jean-Luc,REM,16324
41,2,80340,39034,2581,35432,12,M,PELTIER,Guillaume,LR,19108
41,3,82183,41283,2458,37872,3,F,MARTIN,Marlène,REM,14784
41,3,82183,41283,2458,37872,9,M,LEROY,Maurice,UDI,23088
42,1,65645,25037,1423,23065,5,M,JUANICO,Régis,SOC,11544
42,1,65645,25037,1423,23065,10,F,VIALLON,Magalie,REM,11521
42,2,53194,19818,1239,18141,6,F,TAURINYA,Andrée,FI,7716
42,2,53194,19818,1239,18141,7,M,MIS,Jean-Michel,REM,10425
42,3,82496,32387,2637,29074,5,F,FAURE-MUNTIAN,Valéria,REM,15298
42,3,82496,32387,2637,29074,9,M,ROCHEBLOINE,François,UDI,13776
42,4,101108,42430,3306,37979,9,M,CINIERI,Dino,LR,19039
42,4,101108,42430,3306,37979,12,M,KAUFFER,David,REM,18940
42,5,101144,44826,3487,40008,7,F,SARLES,Nathalie,MDM,21257
42,5,101144,44826,3487,40008,8,F,ROBIN,Clotilde,LR,18751
42,6,107615,44914,3079,40540,5,M,BOROWCZYK,Julien,REM,23055
42,6,107615,44914,3079,40540,11,M,SALEN,Paul,LR,17485
43,1,97790,48657,2217,45477,1,F,GALLIEN,Cécile,REM,18772
43,1,97790,48657,2217,45477,9,F,VALENTIN,Isabelle,LR,26705
43,2,79462,38539,2507,34912,1,M,VIGIER,Jean-Pierre,LR,22306
43,2,79462,38539,2507,34912,9,M,ETEOCLE,Pierre,REM,12606
44,1,74936,32338,3284,28418,6,M,DE RUGY,François,REM,18796
44,1,74936,32338,3284,28418,16,M,BAINVEL,Julien,LR,9622
44,2,85838,38970,2392,35912,5,F,MALARD,Carole,FI,14370
44,2,85838,38970,2392,35912,12,F,OPPELT,Valérie,REM,21542
44,3,92169,40066,2611,36878,2,F,GOURDON,Martine,FI,16132
44,3,92169,40066,2611,36878,9,F,BRUNET,Anne-France,REM,20746
44,4,89004,40230,2211,37204,1,F,AMADOU,Aude,REM,21179
44,4,89004,40230,2211,37204,14,M,EGRON,Vincent,FI,16025
44,5,116331,51039,4284,45249,5,M,MÉNARD,Michel,SOC,17636
44,5,116331,51039,4284,45249,14,F,EL HAÏRY,Sarah,MDM,27613
44,6,110229,48393,3990,42758,7,M,DANIEL,Yves,REM,26420
44,6,110229,48393,3990,42758,8,M,HUNAULT,Alain,LR,16338
44,7,108228,48141,3688,43164,8,M,LOUVRIER,Franck,LR,16787
44,7,108228,48141,3688,43164,9,F,JOSSO,Sandrine,REM,26377
44,8,85603,36669,1743,34117,8,F,DUFEU SCHUBERT,Audrey,REM,19344
44,8,85603,36669,1743,34117,15,M,DEBRAYE,Lionel,FI,14773
44,9,117872,50175,5032,43384,12,F,HUGUES,Claire,LR,15176
44,9,117872,50175,5032,43384,13,M,HAURY,Yannick,MDM,28208
44,10,114729,49610,3615,44700,4,F,ERRANTE,Sophie,REM,28560
44,10,114729,49610,3615,44700,11,M,GUIHO,Jérôme,LR,16140
45,1,75649,34326,2689,30760,2,M,LEMAIGNEN,Charles-Eric,LR,10759
45,1,75649,34326,2689,30760,4,F,RIST,Stéphanie,REM,20001
45,2,85273,37394,2469,33994,1,M,GROUARD,Serge,LR,16579
45,2,85273,37394,2469,33994,12,F,JANVIER,Caroline,REM,17415
45,3,70836,31961,2501,28479,1,F,CHELLY,Jihan,REM,14210
45,3,70836,31961,2501,28479,3,M,DE GANAY,Claude,LR,14269
45,4,74643,32374,2316,29114,3,M,DOOR,Jean-Pierre,LR,14561
45,4,74643,32374,2316,29114,8,F,HARLÉ,Mélusine,REM,14553
45,5,74554,31511,2413,28152,6,F,DUBOIS,Marianne,LR,14120
45,5,74554,31511,2413,28152,15,M,SIMONNET,David,REM,14032
45,6,71880,31253,2901,27290,3,M,RAMOS,Richard,MDM,14379
45,6,71880,31253,2901,27290,4,F,LECLERC,Alexandrine,UDI,12911
46,1,70805,36826,3422,31874,1,M,MAUREL,Sébastien,REM,15516
46,1,70805,36826,3422,31874,8,M,PRADIÉ,Aurélien,LR,16358
46,2,65345,34432,2851,30018,10,F,TIEGNA,Huguette,REM,15985
46,2,65345,34432,2851,30018,11,M,LABARTHE,Vincent,SOC,14033
47,1,88182,40428,3951,34538,10,M,LAUZZANA,Michel,REM,19635
47,1,88182,40428,3951,34538,11,M,DIONIS DU SEJOUR,Jean,UDI,14903
47,2,76963,37889,3049,33296,1,F,LAPORTE,Hélène,FN,13413
47,2,76963,37889,3049,33296,4,M,FRESCHI,Alexandre,REM,19883
47,3,75664,37247,3148,32669,5,M,BOUSQUET-CASSAGNE,Étienne,FN,12926
47,3,75664,37247,3148,32669,12,M,DAMAISIN,Olivier,REM,19743
48,1,59436,32914,2496,29041,4,M,MOREL A L'HUISSIER,Pierre,LR,16440
48,1,59436,32914,2496,29041,5,M,PALOMBI,Francis,REM,12601
49,1,84090,36906,2970,32892,2,F,FEL,Caroline,LR,11734
49,1,84090,36906,2970,32892,12,M,ORPHELIN,Matthieu,REM,21158
49,2,90325,39368,3077,35188,5,F,DUPONT,Stella,REM,24313
49,2,90325,39368,3077,35188,10,M,HENRY,Maxence,LR,10875
49,3,70380,31627,2037,28733,4,F,BARRAULT,Anne,REM,13827
49,3,70380,31627,2037,28733,11,M,TAUGOURDEAU,Jean-Charles,LR,14906
49,4,74274,32562,2623,28948,4,M,TOURON,Éric,UDI,12091
49,4,74274,32562,2623,28948,13,F,SAINT-PAUL,Laëtitia,REM,16857
49,5,77379,32560,1698,30176,2,M,BRAULT,Patrice,DVD,9545
49,5,77379,32560,1698,30176,11,M,MASSEGLIA,Denis,REM,20631
49,6,94693,40909,3194,36666,8,M,MARTIN,André,LR,14017
49,6,94693,40909,3194,36666,9,F,DUBRE-CHIRAT,Nicole,REM,22649
49,7,77820,34617,2831,30816,5,M,GLÉMOT,Étienne,LR,11581
49,7,77820,34617,2831,30816,8,M,BOLO,Philippe,MDM,19235
50,1,86929,41153,2206,38174,3,F,NOUET,Benoîte,REM,18131
50,1,86929,41153,2206,38174,9,M,GOSSELIN,Philippe,LR,20043
50,2,95481,46325,2504,42937,1,M,HUET,Guenhaël,LR,16747
50,2,95481,46325,2504,42937,6,M,SORRE,Bertrand,REM,26190
50,3,107801,46857,3585,42035,6,M,TRAVERT,Stéphane,REM,27811
50,3,107801,46857,3585,42035,9,M,COUSIN,Jean-Manuel,LR,14224
50,4,88707,31453,4223,25664,4,F,KRIMI,Sonia,DIV,15636
50,4,88707,31453,4223,25664,13,M,MISTLER,Blaise,REM,10028
51,1,72128,26824,2275,23677,3,M,CHEMLA,Gérard,DIV,10573
51,1,72128,26824,2275,23677,9,F,BEAUVAIS,Valérie,LR,13104
51,2,73131,30523,2028,27684,3,F,KURIC,Aina,REM,14176
51,2,73131,30523,2028,27684,8,F,VAUTRIN,Catherine,LR,13508
51,3,80596,33342,2539,30106,6,M,PHILIPPO,Baptiste,FN,12160
51,3,80596,33342,2539,30106,11,M,GIRARDIN,Éric,REM,17946
51,4,78818,32856,2157,29824,9,M,BESSON,Thierry,FN,9878
51,4,78818,32856,2157,29824,10,F,MAGNIER,Lise,LR,19946
51,5,76921,35645,1471,33637,1,M,DE COURSON,Charles,UDI,24074
51,5,76921,35645,1471,33637,8,M,LAVAL,Thomas,FN,9563
52,1,72403,32578,3011,28154,1,M,GUENÉ,Adrien,LR,13109
52,1,72403,32578,3011,28154,5,F,ABBA,Bérangère,REM,15045
52,2,61594,27783,1344,25928,2,M,FABRE,Frédéric,FN,9901
52,2,61594,27783,1344,25928,5,M,CORNUT-GENTILLE,François,LR,16027
53,1,72721,33770,2039,30779,4,M,GAROT,Guillaume,SOC,18848
53,1,72721,33770,2039,30779,6,F,MOTTIER,Béatrice,REM,11931
53,2,77823,35711,2142,32882,8,F,BANNIER,Géraldine,MDM,18013
53,2,77823,35711,2142,32882,11,M,CHEVROLLIER,Guillaume,LR,14869
53,3,71930,33914,1665,31537,3,M,FAVENNEC,Yannick,UDI,19405
53,3,71930,33914,1665,31537,12,M,CHOUZY,Josselin,REM,12132
54,1,79290,34000,2507,30464,2,F,GRANDJEAN,Carole,REM,17025
54,1,79290,34000,2507,30464,7,F,KHIROUNI,Chaynesse,SOC,13439
54,2,68601,29776,2755,26171,6,M,GARCIA,Laurent,MDM,17487
54,2,68601,29776,2755,26171,11,F,DEBORD,Valérie,LR,8684
54,3,82580,28931,1606,26553,12,M,ZOLFO,Patrice,FI,12636
54,3,82580,28931,1606,26553,15,M,PALUSZKIEWICZ,Xavier,REM,13917
54,4,97994,41188,3183,36648,3,M,BUZZI,Philippe,REM,17124
54,4,97994,41188,3183,36648,5,M,BAZIN,Thibault,LR,19524
54,5,78751,35461,2116,32412,1,F,BUCHET,Marion,REM,11951
54,5,78751,35461,2116,32412,11,M,POTIER,Dominique,SOC,20461
54,6,87545,33618,3546,28964,5,M,MARSOLLE,Cédric,FN,11192
54,6,87545,33618,3546,28964,11,F,FIAT,Caroline,FI,17772
55,1,77283,35012,2751,30993,2,M,PANCHER,Bertrand,UDI,18053
55,1,77283,35012,2751,30993,10,F,ANDRÉ,Diana,REM,12940
55,2,60274,26565,2025,23850,5,F,CARIOU,Emilie,REM,14969
55,2,60274,26565,2025,23850,7,M,VILAIN,Eric,FN,8881
56,1,105388,49243,2867,45399,2,M,PELLOIS,Hervé,REM,29243
56,1,105388,49243,2867,45399,5,F,PENHOUET,Christine,LR,16156
56,2,104281,48145,4509,41563,3,M,PAHUN,Jimmy,DIV,21223
56,2,104281,48145,4509,41563,6,M,LE RAY,Philippe,LR,20340
56,3,90782,40557,2577,36404,1,F,LE PEIH,Nicole,REM,24064
56,3,90782,40557,2577,36404,12,F,DORÉ-LUCAS,Marie Madeleine,FI,12340
56,5,80704,35142,2977,31305,3,M,SCHEUER,Alexandre,FI,11549
56,5,80704,35142,2977,31305,4,M,ROUILLARD,Gwendal,REM,19756
56,6,90701,42206,3551,37005,3,M,JACQUES,Jean-Michel,REM,20250
56,6,90701,42206,3551,37005,10,M,LE NAY,Gwenn,UDI,16755
57,1,91439,33908,2850,30179,10,F,BURG,Laurence,FN,12081
57,1,91439,33908,2850,30179,12,M,BELHADDAD,Belkhir,REM,18098
57,2,76507,29820,2325,26755,2,M,MENDES,Ludovic,REM,14020
57,2,76507,29820,2325,26755,8,M,FRANÇOIS,Jean,LR,12735
57,3,75323,29630,2163,26670,7,M,LIOGER,Richard,REM,13657
57,3,75323,29630,2163,26670,8,F,ZIMMERMANN,Marie-Jo,LR,13013
57,4,81476,33703,2668,30191,9,M,DI FILIPPO,Fabien,LR,16089
57,4,81476,33703,2668,30191,10,F,HUCHOT,Mathilde,REM,14102
57,5,73972,30512,1585,28205,1,M,LETT,Céleste,LR,13676
57,5,73972,30512,1585,28205,4,F,GRIES-TRISSE,Nicole,REM,14529
57,6,70132,25574,1203,24019,5,M,PHILIPPOT,Florian,FN,10337
57,6,70132,25574,1203,24019,9,M,AREND,Christophe,REM,13682
57,7,90360,34498,2189,31790,1,F,ZANNIER,Hélène,REM,17879
57,7,90360,34498,2189,31790,9,M,PFEFFER,Kévin,FN,13911
57,8,92436,30225,2116,27447,5,M,HAMMOUCHE,Brahim,MDM,16150
57,8,92436,30225,2116,27447,12,M,HOFF,Hervé,FN,11297
57,9,99470,37780,2742,34213,5,F,MATZ,Emilie,FN,10218
57,9,99470,37780,2742,34213,7,F,RAUCH,Isabelle,REM,23995
58,1,76910,32495,3225,28297,2,F,GOULET,Perrine,REM,18713
58,1,76910,32495,3225,28297,10,F,VIGNERON,Pauline,FN,9584
58,2,82375,39525,2968,34569,5,M,PAUL,Christian,SOC,15686
58,2,82375,39525,2968,34569,9,M,PERROT,Patrice,REM,18883
59,1,61729,23673,1133,22028,8,M,QUATENNENS,Adrien,FI,11039
59,1,61729,23673,1133,22028,14,M,ITIER,Christophe,REM,10989
59,2,86665,35076,3046,30581,9,F,BERRADA,Houmria,REM,10962
59,2,86665,35076,3046,30581,15,M,BERNALICIS,Ugo,FI,19619
59,3,94004,36030,2226,32869,3,M,DI POMPEO,Christophe,REM,16861
59,3,94004,36030,2226,32869,5,F,GODDYN,Sylvie,FN,16008
59,4,99302,41504,3112,37131,4,F,LISO,Brigitte,REM,21814
59,4,99302,41504,3112,37131,7,M,HOUSSIN,Jacques,LR,15317
59,5,99876,43194,3511,38337,4,M,DEKONINCK,Guillaume,REM,17053
59,5,99876,43194,3511,38337,14,M,HUYGHE,Sébastien,LR,21284
59,6,89105,42206,2789,38093,2,M,LAZARO,Thierry,LR,18354
59,6,89105,42206,2789,38093,11,F,LECOCQ,Charlotte,REM,19739
59,7,72442,27916,1853,25364,2,M,VERCAMER,Francis,UDI,13576
59,7,72442,27916,1853,25364,6,M,VERSPIEREN,Arnaud,MDM,11788
59,8,67822,20285,1225,18592,3,F,LEPLAT,Astrid,FN,6889
59,8,67822,20285,1225,18592,12,F,OSSON,Catherine,REM,11703
59,9,91618,38057,2110,35118,4,M,GERARD,Bernard,LR,16837
59,9,91618,38057,2110,35118,12,F,PETIT,Valérie,REM,18281
59,10,82008,26483,1989,23542,1,M,LEDOUX,Vincent,LR,13168
59,10,82008,26483,1989,23542,8,F,TAÏEB,Sophie,REM,10374
59,11,92067,37659,2846,33712,2,M,PIETRASZEWSKI,Laurent,REM,22645
59,11,92067,37659,2846,33712,10,F,ACS,Nathalie,FN,11067
59,12,93580,38828,2451,35325,2,F,CATTELOT,Anne Laure,REM,19095
59,12,93580,38828,2451,35325,3,M,PHILIPPE,Gérard,FN,16230
59,13,89284,36517,1797,34016,4,M,EYMERY,Philippe,FN,12478
59,13,89284,36517,1797,34016,8,M,HUTIN,Christian,DVG,21538
59,14,98782,43911,3074,39391,4,M,CHRISTOPHE,Paul,LR,25162
59,14,98782,43911,3074,39391,11,M,LEMAITTE,Julien,REM,14229
59,15,95872,44859,3033,40400,2,F,DE TEMMERMAN,Jennifer,REM,24519
59,15,95872,44859,3033,40400,7,M,PRINCE,Pascal,FN,15881
59,16,83023,33319,2001,30535,6,M,BRUNEEL,Alain,COM,17057
59,16,83023,33319,2001,30535,8,F,DE MEREUIL,Hortense,FN,13478
59,17,73599,29939,1919,27139,4,M,HOUBRON,Dimitri,REM,14442
59,17,73599,29939,1919,27139,6,M,FRANCOIS,Thibaut,FN,12697
59,18,91572,38056,2662,34032,1,M,BRICOUT,Guy,UDI,21669
59,18,91572,38056,2662,34032,7,F,POMMEYROL-BURLET,Claire,REM,12363
59,19,79087,32076,2176,28933,1,M,CHENU,Sébastien,FN,16013
59,19,79087,32076,2176,28933,3,F,HEBBAR,Sabine,MDM,12920
59,20,81103,30880,1196,29171,9,M,DE DANNE,Ludovic,FN,10538
59,20,81103,30880,1196,29171,11,M,ROUSSEL,Fabien,COM,18633
59,21,82589,31384,1771,28900,4,F,DESCAMPS,Béatrice,UDI,18126
59,21,82589,31384,1771,28900,6,F,CAUDRON,Valérie,FN,10774
60,1,82961,37004,2039,34122,2,M,DASSAULT,Olivier,LR,22885
60,1,82961,37004,2039,34122,10,M,FLOUR,Denis,REM,11237
60,2,88736,38617,2688,35035,9,F,THILL,Agnès,REM,19164
60,2,88736,38617,2688,35035,11,M,DUSSAUSAYE,Gaëtan,FN,15871
60,3,73889,27470,2012,24793,7,M,MURER,Philippe,FN,10493
60,3,73889,27470,2012,24793,11,M,BOIS,Pascal,REM,14300
60,4,92500,40725,2487,37312,6,M,WOERTH,Eric,LR,19396
60,4,92500,40725,2487,37312,10,F,LOZANO,Stéphanie,REM,17916
60,5,72839,29978,1813,27423,2,M,VATIN,Pierre,LR,15347
60,5,72839,29978,1813,27423,6,F,BOUR,Emmanuelle,REM,12076
60,6,75244,33490,2563,30167,5,M,GUINIOT,Michel,FN,12548
60,6,75244,33490,2563,30167,6,F,BUREAU-BONNARD,Carole,REM,17619
60,7,76092,31659,2186,28477,6,M,MINOT,Maxime,LR,17233
60,7,76092,31659,2186,28477,10,M,DARDENNE,Jean-François,REM,11244
61,1,69513,31613,1943,28938,3,M,PUEYO,Joaquim,SOC,15192
61,1,69513,31613,1943,28938,13,F,ROIMIER,Christine,DVD,13746
61,2,67447,32229,1968,29568,8,F,LEROUGE,Ophélie,REM,13386
61,2,67447,32229,1968,29568,9,F,LOUWAGIE,Véronique,LR,16182
61,3,71645,35694,2151,32804,1,F,BOSCHER,Isabelle,REM,14407
61,3,71645,35694,2151,32804,3,M,NURY,Jérôme,LR,18397
62,1,104385,50664,3240,45863,8,M,DUVERGÉ,Bruno,MDM,24770
62,1,104385,50664,3240,45863,11,F,CAUDRON,Agnès,FN,21093
62,2,85128,39763,3181,34875,2,M,HEUSELE,Alban,FN,12028
62,2,85128,39763,3181,34875,12,F,MAQUET,Jacqueline,REM,22847
62,3,85611,33777,1995,30783,2,M,EVRARD,José,FN,16298
62,3,85611,33777,1995,30783,7,M,DEBRUYNE,Patrick,MDM,14485
62,4,88520,47653,2134,44351,6,M,GUILLUY,Thibaut,REM,21204
62,4,88520,47653,2134,44351,10,M,FASQUELLE,Daniel,LR,23147
62,5,90116,37500,2708,33616,3,M,GOLLIOT,Antoine,FN,13101
62,5,90116,37500,2708,33616,11,M,PONT,Jean-Pierre,REM,20515
62,6,91198,44944,2533,41044,3,F,BOURGUIGNON,Brigitte,REM,24970
62,6,91198,44944,2533,41044,7,F,BOURGEOIS,Marie-Christine,FN,16074
62,7,93283,38310,2151,34991,7,M,OLIVIER,Philippe,FN,13707
62,7,93283,38310,2151,34991,9,M,DUMONT,Pierre-Henri,LR,21284
62,8,93014,42051,2645,37741,6,F,HAVERLANT,Karine,FN,16310
62,8,93014,42051,2645,37741,10,M,POTTERIE,Benoit,REM,21431
62,9,79078,35627,2355,31999,1,F,DEPREZ-AUDEBERT,Marguerite,MDM,18451
62,9,79078,35627,2355,31999,11,M,DELAIRE,Jacques,FN,13548
62,10,90271,37449,2261,33959,4,F,DESCHANEL,Laurence,REM,16105
62,10,90271,37449,2261,33959,9,M,PAJOT,Ludovic,FN,17854
62,11,94924,41456,1594,38853,3,F,ROQUET,Anne,REM,16084
62,11,94924,41456,1594,38853,4,F,LE PEN,Marine,FN,22769
62,12,95124,39742,2146,36417,3,F,REMBERT,Coralie,REM,16360
62,12,95124,39742,2146,36417,13,M,BILDE,Bruno,FN,20057
63,1,83501,34383,1865,31645,10,M,LAFFONT,Alain,FI,13603
63,1,83501,34383,1865,31645,13,F,THOMAS,Valérie,REM,18042
63,2,87873,43464,2480,39451,3,M,HAMOUMOU,Mohand,REM,14515
63,2,87873,43464,2480,39451,6,F,PIRÈS BEAUNE,Christine,SOC,24936
63,3,89010,41396,3789,36299,1,F,VICHNIEVSKY,Laurence,MDM,20333
63,3,89010,41396,3789,36299,4,M,GISCARD D'ESTAING,Louis,UDI,15966
63,4,98645,41937,5040,34748,2,M,BARRAUD,Bertrand,LR,15483
63,4,98645,41937,5040,34748,5,M,FANGET,Michel,MDM,19265
63,5,102047,50994,1706,48181,5,M,GARDETTE,Sébastien,REM,17561
63,5,102047,50994,1706,48181,11,M,CHASSAIGNE,André,COM,30620
64,1,68809,29983,3727,24616,7,F,POUEYTO,Josy,MDM,15438
64,1,68809,29983,3727,24616,11,F,ROY,Pauline,LR,9178
64,2,80072,38019,2734,33782,3,F,CHABANNE,Nathalie,SOC,13198
64,2,80072,38019,2734,33782,9,M,MATTEI,Jean-Paul,MDM,20584
64,3,82747,43789,2827,39450,2,M,HABIB,David,SOC,21286
64,3,82747,43789,2827,39450,5,M,BERNOS,Michel,REM,18164
64,4,80161,42780,3768,37481,7,M,CORRÉGÉ,Loïc,REM,17694
64,4,80161,42780,3768,37481,11,M,LASSALLE,Jean,DVD,19787
64,5,90977,40552,3015,36159,2,F,LASSERRE-DAVID,Florence,MDM,20623
64,5,90977,40552,3015,36159,12,F,CAPDEVIELLE,Colette,SOC,15536
64,6,99395,42859,4487,36587,4,M,BRU,Vincent,MDM,22872
64,6,99395,42859,4487,36587,5,F,AROSTEGUY,Maider,LR,13715
65,1,88311,43054,2652,39135,5,F,FERRER,Sylvie,FI,16102
65,1,88311,43054,2652,39135,6,M,SEMPASTOUS,Jean-Bernard,REM,23033
65,2,89340,40960,3500,35685,7,F,STARICKY,Marie-Agnès,REM,17455
65,2,89340,40960,3500,35685,10,F,DUBIÉ,Jeanine,RDG,18230
66,1,70972,28856,2127,25728,2,M,BOLO,Alexandre,FN,11008
66,1,70972,28856,2127,25728,5,M,GRAU,Romain,REM,14720
66,2,96636,44110,2440,40502,9,F,ESPERT,Christine,MDM,20025
66,2,96636,44110,2440,40502,13,M,ALIOT,Louis,FN,20477
66,3,83040,36121,3424,31194,1,F,DOGOR,Sandrine,FN,12693
66,3,83040,36121,3424,31194,7,F,GAYTE,Laurence,REM,18501
66,4,97099,43371,3473,38285,1,M,CAZENOVE,Sébastien,REM,22193
66,4,97099,43371,3473,38285,12,M,MASSANELL,Stéphane,FN,16092
67,1,61033,24587,1731,22186,14,M,ELKOUBY,Eric,SOC,8885
67,1,61033,24587,1731,22186,18,M,MICHELS,Thierry,REM,13301
67,2,69535,27198,1792,24760,1,M,BIES,Philippe,SOC,10268
67,2,69535,27198,1792,24760,12,M,WASERMAN,Sylvain,REM,14492
67,3,68885,26419,1827,23985,3,M,SCHULER,Georges,LR,9648
67,3,68885,26419,1827,23985,7,M,STUDER,Bruno,REM,14337
67,4,94490,39807,1854,37313,1,F,ROHFRITSCH,Sophie,LR,16471
67,4,94490,39807,1854,37313,9,F,WONNER,Martine,REM,20842
67,5,103986,39348,2502,36030,5,M,HERTH,Antoine,LR,19508
67,5,103986,39348,2502,36030,11,M,SIMLER,Gérard,REG,16522
67,6,96028,41886,1607,39688,10,M,SALOMON,Guy,MDM,14845
67,6,96028,41886,1607,39688,12,M,FURST,Laurent,LR,24843
67,7,85427,35728,1806,33281,3,F,DE SANTIS,Antoinette,REM,12445
67,7,85427,35728,1806,33281,10,M,HETZEL,Patrick,LR,20836
67,8,94499,40141,1931,37470,1,M,REISS,Frédéric,LR,22063
67,8,94499,40141,1931,37470,6,M,GLIECH,Christian,REM,15407
67,9,92729,36097,1685,33722,2,M,THIEBAUT,Vincent,REM,17209
67,9,92729,36097,1685,33722,7,M,WOLF,Etienne,LR,16513
68,1,76069,32111,1211,30362,9,F,VILLEMIN,Stéphanie,REM,10199
68,1,76069,32111,1211,30362,18,M,STRAUMANN,Eric,LR,20163
68,2,92204,39793,2058,36975,3,M,CATTIN,Jacques,LR,19001
68,2,92204,39793,2058,36975,5,M,OTT,Hubert,REM,17974
68,3,85719,36569,1883,34064,4,M,REITZER,Jean-Luc,LR,18786
68,3,85719,36569,1883,34064,7,M,STRIBY,Patrick,REM,15278
68,4,102685,39193,2359,35838,1,M,SCHELLENBERGER,Raphaël,LR,18234
68,4,102685,39193,2359,35838,3,F,TACQUARD,Aurélie,REM,17604
68,5,77489,31422,2110,29134,5,M,BECHT,Olivier,DVD,16807
68,5,77489,31422,2110,29134,11,F,LEHR,Cécile,REM,12327
68,6,92418,34570,2201,31809,3,M,MARCELLI,Sylvain,FN,11401
68,6,92418,34570,2201,31809,7,M,FUCHS,Bruno,REM,20408
69,1,69503,29725,1597,27280,8,M,AUBIN,Elliott,FI,9693
69,1,69503,29725,1597,27280,12,M,RUDIGOZ,Thomas,REM,17587
69,2,74987,34887,1841,31931,5,F,PERRIN-GILBERT,Nathalie,DVG,15067
69,2,74987,34887,1841,31931,19,M,JULIEN-LAFERRIERE,Hubert,REM,16864
69,3,72021,32054,1958,29400,6,M,TOURAINE,Jean-Louis,REM,17595
69,3,72021,32054,1958,29400,14,M,LE BRUN,Pascal,FI,11805
69,4,80168,36272,2384,33185,5,F,NACHURY,Dominique,LR,13090
69,4,80168,36272,2384,33185,12,F,BRUGNERA,Anne,REM,20095
69,5,88072,39664,1948,37088,1,F,BROCARD,Blandine,REM,22348
69,5,88072,39664,1948,37088,9,M,COCHET,Philippe,LR,14740
69,6,82455,33326,2008,30296,6,M,BONNELL,Bruno,REM,18233
69,6,82455,33326,2008,30296,17,F,VALLAUD-BELKACEM,Najat,SOC,12063
69,7,68017,23086,1722,20681,4,F,KHEDHER,Anissa,REM,10466
69,7,68017,23086,1722,20681,15,M,VINCENDET,Alexandre,LR,10215
69,8,102568,47124,2179,44235,8,M,VERCHÈRE,Patrice,LR,23721
69,8,102568,47124,2179,44235,9,F,TERROIR,Joëlle,REM,20514
69,9,91683,40167,2180,37313,10,F,CROIZEAU,Marion,REM,18284
69,9,91683,40167,2180,37313,13,M,PERRUT,Bernard,LR,19029
69,10,95268,42042,2830,38378,1,F,CRUZ,Sophie,LR,13880
69,10,95268,42042,2830,38378,9,M,GASSILLOUD,Thomas,REM,24498
69,11,92513,38567,2421,35078,2,M,FENECH,Georges,LR,15886
69,11,92513,38567,2421,35078,4,M,FUGIT,Jean-Luc,REM,19192
69,12,79783,35295,2557,31958,2,M,ISAAC-SIBILLE,Cyrille,MDM,17977
69,12,79783,35295,2557,31958,8,M,MOROGE,Jérôme,LR,13981
69,13,84804,33450,1953,30833,6,M,MEUNIER,Philippe,LR,14692
69,13,84804,33450,1953,30833,8,F,CAZARIAN,Danièle,REM,16141
69,14,74256,23276,1667,20906,3,M,BLEIN,Yves,REM,13714
69,14,74256,23276,1667,20906,7,M,MONCHAU,Damien,FN,7192
70,1,88459,44196,3164,39118,3,F,CUGNOT,Léonie,FN,15989
70,1,88459,44196,3164,39118,11,F,BESSOT BALLOT,Barbara,REM,23129
70,2,90724,43912,3201,38524,4,M,MONNIER,Maurice,FN,16181
70,2,90724,43912,3201,38524,11,M,LEJEUNE,Christophe,REM,22343
71,1,72893,31558,2463,28309,8,M,COURTOIS,Jean-Patrick,LR,12090
71,1,72893,31558,2463,28309,14,M,DIRX,Benjamin,REM,16219
71,2,78344,35353,2600,31590,3,F,CORNELOUP,Josiane,LR,16124
71,2,78344,35353,2600,31590,11,M,CHAUVET,Vincent,REM,15466
71,3,82724,35754,3538,30654,5,M,REBEYROTTE,Rémy,REM,16993
71,3,82724,35754,3538,30654,9,M,LANDRE,Charles,LR,13661
71,4,82337,34246,2804,30228,2,F,UNTERMAIER,Cécile,SOC,16527
71,4,82337,34246,2804,30228,7,F,GABRELLE,Catherine,REM,13701
71,5,89986,35968,3213,31201,4,M,PLATRET,Gilles,LR,14012
71,5,89986,35968,3213,31201,9,M,GAUVAIN,Raphaël,REM,17189
72,1,71771,30959,3023,27361,2,F,MORANÇAIS,Christelle,LR,13657
72,1,71771,30959,3023,27361,14,M,PICHEREAU,Damien,REM,13704
72,2,81983,32921,2867,29400,9,F,PEROT,Aurélie,REM,11208
72,2,81983,32921,2867,29400,10,F,KARAMANLI,Marietta,SOC,18192
72,3,85250,35683,3231,31160,3,F,FONTENEL-PERSONNE,Pascale,REM,16730
72,3,85250,35683,3231,31160,6,F,PAVY-MORANÇAIS,Béatrice,LR,14430
72,4,79626,32159,2160,29352,1,M,FRANCO,Emmanuel,LR,13235
72,4,79626,32159,2160,29352,8,M,LE FOLL,Stéphane,SOC,16117
72,5,86938,38183,3570,33746,5,M,COLIN,Willy,REM,15951
72,5,86938,38183,3570,33746,7,M,GRELIER,Jean-Carles,LR,17795
73,1,87087,40981,2007,38130,4,M,DORD,Dominique,LR,18775
73,1,87087,40981,2007,38130,8,F,DEGOIS,Typhanie,REM,19355
73,2,76029,27484,2072,24623,8,M,TROUTOT,Philipe,DIV,10547
73,2,76029,27484,2072,24623,9,M,ROLLAND,Vincent,LR,14076
73,3,72714,31126,2436,27633,6,M,VIVIER,Philip,REM,12776
73,3,72714,31126,2436,27633,12,F,BONNIVARD,Emilie,LR,14857
73,4,74639,28525,3311,23861,9,M,MIGNOLA,Patrick,MDM,13293
73,4,74639,28525,3311,23861,10,F,LACLAIS,Bernadette,DVG,10568
74,1,100409,42548,2554,39136,11,F,RIOTTON,Véronique,REM,25174
74,1,100409,42548,2554,39136,17,F,ANDRE-LAURENT,Annabel,LR,13962
74,2,94953,40846,2304,37847,2,F,LARDET,Frédérique,REM,20287
74,2,94953,40846,2304,37847,12,M,TARDY,Lionel,LR,17560
74,3,81855,34785,1897,32358,6,M,GIBOUIN,Guillaume,REM,15693
74,3,81855,34785,1897,32358,8,M,SADDIER,Martial,LR,16665
74,4,85236,33297,1481,31407,7,F,DUBY-MULLER,Virginie,LR,17158
74,4,85236,33297,1481,31407,9,F,DEVIN,Laura,REM,14249
74,5,95600,36397,2372,33195,1,F,BAUD-ROCHE,Astrid,DVD,15381
74,5,95600,36397,2372,33195,4,F,LENNE,Marion,REM,17814
74,6,78941,31181,1693,28944,3,F,DION,Sophie,LR,12588
74,6,78941,31181,1693,28944,7,M,ROSEREN,Xavier,REM,16356
75,2,71736,36963,2543,33645,1,M,LE GENDRE,Gilles,REM,18347
75,2,71736,36963,2543,33645,3,F,KOSCIUSKO-MORIZET,Nathalie,LR,15298
75,3,68679,30652,2695,27177,1,M,GUERINI,Stanislas,REM,17801
75,3,68679,30652,2695,27177,3,F,NAHMIAS,Valérie,UDI,9376
75,4,69753,34147,834,33048,7,F,CICUREL,Ilana,REM,16024
75,4,69753,34147,834,33048,14,F,KUSTER,Brigitte,LR,17024
75,5,75881,36639,1879,34142,10,F,DAGOMA,Seybah,SOC,14930
75,5,75881,36639,1879,34142,20,M,GRIVEAUX,Benjamin,REM,19212
75,6,76657,38218,1695,35909,6,M,PERSON,Pierre,REM,18309
75,6,76657,38218,1695,35909,8,F,SIMONNET,Danielle,FI,17600
75,7,76054,37729,1937,35128,2,M,BLOCHE,Patrick,SOC,15491
75,7,76054,37729,1937,35128,13,M,RUPIN,Pacôme,REM,19637
75,8,82164,37967,3952,33046,1,F,AVIA,Laetitia,REM,21336
75,8,82164,37967,3952,33046,8,F,MONTANDON,Valérie,LR,11710
75,9,68351,33010,2100,30166,9,M,QNOUCH,Raphaël,FI,13497
75,9,68351,33010,2100,30166,10,M,TAN,Buon,REM,16669
75,10,67347,32947,2042,30244,4,F,LANG,Anne-Christine,REM,18181
75,10,67347,32947,2042,30244,12,F,CHAIBI,Leïla,FI,12063
75,11,70944,35344,4064,30239,12,M,SZPINER,Francis,LR,11036
75,11,70944,35344,4064,30239,14,F,DE SARNEZ,Marielle,MDM,19203
75,12,73915,39652,1710,37409,3,F,GREGOIRE,Olivia,REM,21082
75,12,73915,39652,1710,37409,13,M,GOUJON,Philippe,LR,16327
75,13,75382,38846,2135,36145,3,M,LAMOUR,Jean-François,LR,15906
75,13,75382,38846,2135,36145,12,M,RENSON,Hugues,REM,20239
75,14,72364,37259,713,36292,5,M,GOASGUEN,Claude,LR,19029
75,14,72364,37259,713,36292,9,F,BOUGAULT-DELAGE,Valérie,REM,17263
75,15,76203,33003,2284,29919,7,M,KEMOUNE,Mehdi,FI,11880
75,15,76203,33003,2284,29919,13,F,PAU-LANGEVIN,George,SOC,18039
75,16,70384,31747,1404,29825,7,F,LEGRAIN,Sarah,FI,14562
75,16,70384,31747,1404,29825,14,M,MAHJOUBI,Mounir,REM,15263
75,17,58245,23886,1120,22401,6,F,FAILLÉS,Béatrice,REM,11041
75,17,58245,23886,1120,22401,19,F,OBONO,Danièle,FI,11360
75,18,67245,28706,3470,24163,10,F,EL KHOMRI,Myriam,SOC,11209
75,18,67245,28706,3470,24163,12,M,BOURNAZEL,Pierre-Yves,LR,12954
76,1,64488,27276,2236,24271,5,M,ADAM,Damien,REM,13271
76,1,64488,27276,2236,24271,11,F,FOURNEYRON,Valérie,SOC,11000
76,2,94797,42361,3616,37521,5,F,GUÉGOT,Françoise,LR,14805
76,2,94797,42361,3616,37521,10,F,VIDAL,Annie,REM,22716
76,3,69397,28797,1513,26639,10,M,WULFRANC,Hubert,COM,16268
76,3,69397,28797,1513,26639,11,M,GRENOT,Cyrille,REM,10371
76,4,88359,36060,3326,31732,5,F,SYLLA,Sira,REM,19271
76,4,88359,36060,3326,31732,11,M,GOURY,Nicolas,FN,12461
76,5,96317,40496,2052,37751,5,M,DELALANDRE,Jean,LR,11648
76,5,96317,40496,2052,37751,6,M,BOUILLON,Christophe,SOC,26103
76,6,109566,51835,3104,47530,5,M,DUFOUR,Philippe,REM,22685
76,6,109566,51835,3104,47530,7,M,JUMEL,Sébastien,COM,24845
76,7,87631,32482,4207,27884,3,M,SIFFERT,Antoine,RDG,10617
76,7,87631,32482,4207,27884,8,F,FIRMIN LE BODO,Agnès,LR,17267
76,8,67666,23790,1548,22187,1,M,LECOQ,Jean-Paul,COM,13911
76,8,67666,23790,1548,22187,7,F,DELAMOTTE,Béatrice,REM,8276
76,9,93669,42636,3597,37897,2,F,SALVISBERG,Geneviève,FN,14045
76,9,93669,42636,3597,37897,10,F,KERBARH,Stéphanie,REM,23852
76,10,108745,51463,3924,46289,3,M,BATUT,Xavier,REM,28569
76,10,108745,51463,3924,46289,5,F,BLONDEL,Stacy,FN,17720
77,1,70918,25544,2087,22601,1,F,LUQUET,Aude,MDM,12659
77,1,70918,25544,2087,22601,17,M,JULLEMIER,Denis,LR,9942
77,2,79727,35363,2137,32448,5,F,ROUSSEAU,Estelle,REM,14897
77,2,79727,35363,2137,32448,10,F,LACROUTE,Valérie,LR,17551
77,3,75457,29975,2525,26805,6,M,DUROX,Aymeric,FN,8274
77,3,75457,29975,2525,26805,10,M,JEGO,Yves,UDI,18531
77,4,87942,37435,2504,33930,1,M,JACOB,Christian,LR,20957
77,4,87942,37435,2504,33930,7,M,MARCADET,Emmanuel,REM,12973
77,5,84878,32230,1822,29789,2,M,RIESTER,Franck,LR,20523
77,5,84878,32230,1822,29789,10,M,BOLLÉE,Joffrey,FN,9266
77,6,78121,29278,2410,26070,4,M,PARIGI,Jean-François,LR,14397
77,6,78121,29278,2410,26070,8,F,MARTIG-DECÈS,Laëtitia,REM,11673
77,7,85368,32996,2523,29734,3,M,KOKOUENDO,Rodrigue,REM,18279
77,7,85368,32996,2523,29734,14,F,TROUSSARD,Béatrice,FN,11455
77,8,88870,32533,2694,28998,3,F,BRUNEL,Chantal,LR,9513
77,8,88870,32533,2694,28998,9,M,FAUVERGUE,Jean-Michel,REM,19485
77,9,85973,31394,2320,28304,11,F,PEYRON,Michèle,REM,15361
77,9,85973,31394,2320,28304,12,M,GEOFFROY,Guy,LR,12943
77,10,79365,29382,1706,26911,4,F,DO,Stéphanie,REM,15154
77,10,79365,29382,1706,26911,9,M,LAISNEY,Maxime,FI,11757
77,11,64893,24453,1779,22325,2,M,FAURE,Olivier,SOC,13639
77,11,64893,24453,1779,22325,8,F,RUBINELLI,Amandine,REM,8686
78,1,83490,41571,2054,38933,1,M,BAICHÈRE,Didier,REM,19879
78,1,83490,41571,2054,38933,2,M,BELLAMY,François-Xavier,LR,19054
78,2,85418,43109,2295,40072,1,M,THÉVENOT,Pascal,LR,16711
78,2,85418,43109,2295,40072,10,M,BARROT,Jean-Noël,REM,23361
78,3,83239,39950,1762,37658,4,M,BRILLAULT,Philippe,LR,15466
78,3,83239,39950,1762,37658,8,F,PIRON,Béatrice,REM,22192
78,4,78497,37831,2016,35287,1,F,LEBEC,Marie,REM,21662
78,4,78497,37831,2016,35287,7,M,FOURNIER,Ghislain,LR,13625
78,5,73783,35162,1326,33370,8,M,MYARD,Jacques,LR,13686
78,5,73783,35162,1326,33370,9,F,BRAUN-PIVET,Yaël,REM,19684
78,6,75704,33793,1547,31729,1,F,POUZYREFF,Natalia,REM,18510
78,6,75704,33793,1547,31729,10,M,MORANGE,Pierre,LR,13219
78,7,80615,33096,2295,30151,5,M,RICHARD,Arnaud,UDI,13395
78,7,80615,33096,2295,30151,6,F,DE VAUCOULEURS,Michèle,MDM,16756
78,8,73870,26856,2557,23221,8,M,VIALAY,Michel,LR,12276
78,8,73870,26856,2557,23221,14,F,MOUDNIB,Khadija,REM,10945
78,9,90984,36455,2675,32897,13,M,MILLIENNE,Bruno,MDM,17926
78,9,90984,36455,2675,32897,14,M,TETART,Jean-Marie,LR,14971
78,10,88764,43440,2627,39952,7,F,BERGÉ,Aurore,REM,25868
78,10,88764,43440,2627,39952,10,M,POISSON,Jean-Frédéric,DVD,14084
78,11,68015,28353,1850,25838,3,F,HAÏ,Nadia,REM,13684
78,11,68015,28353,1850,25838,5,M,FOURGOUS,Jean-Michel,LR,12154
78,12,69005,31520,1887,29109,2,M,DOUILLET,David,LR,12625
78,12,69005,31520,1887,29109,12,F,GRANJUS,Florence,REM,16484
79,1,90237,40889,2062,37865,3,M,CHICHE,Guillaume,REM,22878
79,1,90237,40889,2062,37865,5,F,SEGUIN,Nathalie,FI,14987
79,2,97376,47076,2099,43856,1,F,BATHO,Delphine,SOC,24970
79,2,97376,47076,2099,43856,7,F,HEINTZ,Christine,REM,18886
79,3,84788,36627,2655,32734,2,M,FIEVET,Jean-Marie,REM,19434
79,3,84788,36627,2655,32734,10,F,SCHAAF-GAUTHIER,Véronique,LR,13300
80,1,84286,37537,1980,34534,6,M,RUFFIN,François,FI,19329
80,1,84286,37537,1980,34534,8,M,DUMONT,Nicolas,REM,15205
80,2,75487,32248,2327,29001,7,F,POMPILI,Barbara,REM,17948
80,2,75487,32248,2327,29001,11,M,MAISSE,Cédric,FI,11053
80,3,83768,39837,3751,34402,9,M,MAQUET,Emmanuel,LR,20688
80,3,83768,39837,3751,34402,11,M,MARIAGE,Bruno,REM,13714
80,4,84023,39573,3184,35300,5,M,RICHERMOZ,Eric,FN,14811
80,4,84023,39573,3184,35300,10,M,LECLABART,Jean-Claude,REM,20489
81,1,83763,40582,3303,35309,6,M,FOLLIOT,Philippe,DVD,24959
81,1,83763,40582,3303,35309,13,M,CABROLIER,Frédéric,FN,10350
81,2,106014,50977,4558,43865,6,F,VERDIER-JOUCLAS,Marie-Christine,REM,29014
81,2,106014,50977,4558,43865,9,F,ALBARAO,Doriane,FN,14851
81,3,101429,50041,4053,43915,5,M,TERLIER,Jean,REM,22884
81,3,101429,50041,4053,43915,12,M,CARAYON,Bernard,LR,21031
82,1,89975,41767,3503,36446,1,F,RABAULT,Valérie,SOC,20053
82,1,89975,41767,3503,36446,8,M,MARDEGAN,Pierre,REM,16393
82,2,93323,44379,3705,38628,10,M,LOPEZ,Romain,FN,17230
82,2,93323,44379,3705,38628,14,F,PINEL,Sylvia,RDG,21398
83,1,74842,28975,2063,26182,13,F,CHANTRIEUX,Elisabeth,REM,11734
83,1,74842,28975,2063,26182,14,F,LEVY,Geneviève,LR,14448
83,2,90541,35114,2396,32012,7,F,ROUSSEL,Rachel,FN,13678
83,2,90541,35114,2396,32012,8,F,MUSCHOTTI,Cécile,REM,18334
83,3,100775,42683,3273,38091,3,M,ZAPOLSKY,Alexandre,REM,18521
83,3,100775,42683,3273,38091,7,M,MASSON,Jean-Louis,LR,19570
83,4,106143,42688,2474,39268,1,M,LOTTIAUX,Philippe,FN,17808
83,4,106143,42688,2474,39268,13,F,MAUBORGNE,Sereine,REM,21460
83,5,96236,40560,2045,37683,5,M,MICHEL-KLEISBAUER,Philippe,MDM,20061
83,5,96236,40560,2045,37683,8,M,LONGO,Gilles,FN,17622
83,6,118392,47799,2787,43912,4,M,RIVIERE,Jérôme,FN,19371
83,6,118392,47799,2787,43912,14,F,GOMEZ-BASSAC,Valérie,REM,24541
83,7,103503,40263,2701,36805,8,F,GUEREL,Emilie,REM,20967
83,7,103503,40263,2701,36805,10,M,BOCCALETTI,Frédéric,FN,15838
83,8,104360,45918,2871,41952,1,M,MATRAS,Fabien,REM,24209
83,8,104360,45918,2871,41952,4,M,JUGY,Pierre,FN,17743
84,1,72991,29164,2201,26212,6,F,RIGAULT,Anne-Sophie,FN,10984
84,1,72991,29164,2201,26212,13,M,CESARINI,Jean-François,REM,15228
84,2,83311,35782,3149,31397,4,F,STRAPELIAS,Sonia,REM,14634
84,2,83311,35782,3149,31397,5,M,BOUCHET,Jean-Claude,LR,16763
84,3,75602,33752,1875,31219,1,F,POIRSON,Brune,REM,15821
84,3,75602,33752,1875,31219,5,M,DE LÉPINAU,Hervé,FN,15398
84,4,88777,40826,2313,37790,7,M,BOMPARD,Jacques,EXD,19034
84,4,88777,40826,2313,37790,9,F,NORMANI,Carole,REM,18756
84,5,81870,35474,2862,31480,2,M,AUBERT,Julien,LR,16020
84,5,81870,35474,2862,31480,11,M,VIARD,Jean,REM,15460
85,1,109665,48169,2734,44139,3,M,LEBOEUF,Alain,LR,20122
85,1,109665,48169,2734,44139,14,M,LATOMBE,Philippe,MDM,24017
85,2,103480,45043,3461,39861,7,F,GALLERNEAU,Patricia,MDM,23748
85,2,103480,45043,3461,39861,12,F,BELLAMY,Béatrice,LR,16113
85,3,122015,54812,3403,49765,7,F,PINEAU,Florence,LR,19825
85,3,122015,54812,3403,49765,11,M,BUCHOU,Stéphane,REM,29940
85,4,97892,41858,2415,38604,1,F,LEGUILLE-BALLOY,Martine,REM,24129
85,4,97892,41858,2415,38604,6,M,MONTASSIER,Wilfrid,UDI,14475
85,5,81455,37502,2602,33731,1,M,FOURAGE,Hugues,SOC,15732
85,5,81455,37502,2602,33731,7,M,HENRIET,Pierre,REM,17999
86,1,79559,35226,2114,32096,1,M,SAVATIER,Jacques,REM,19135
86,1,79559,35226,2114,32096,6,F,CUVILLIER,Céline,FI,12961
86,2,77522,33667,3683,28684,3,M,CHARTIER,Olivier,LR,9261
86,2,77522,33667,3683,28684,13,M,HOULIÉ,Sacha,REM,19423
86,3,74026,34348,2658,30288,4,F,JUMEAU,Delphine,FN,9744
86,3,74026,34348,2658,30288,11,M,CLÉMENT,Jean-Michel,REM,20544
86,4,75658,32122,2509,28260,6,M,TURQUOIS,Nicolas,MDM,14508
86,4,75658,32122,2509,28260,9,F,BOURAT,Anne-Florence,UDI,13752
87,1,84743,40470,2577,35908,3,F,BEAUDOUIN-HUBIERE,Sophie,REM,19965
87,1,84743,40470,2577,35908,6,F,SOURY,Danielle,FI,15943
87,2,97461,49998,3254,44348,3,M,DJEBBARI-BONNET,Jean-Baptiste,REM,24209
87,2,97461,49998,3254,44348,5,M,ALLARD,Pierre,COM,20139
87,3,83058,40227,3865,34037,5,F,MAGNE,Marie-Ange,REM,21369
87,3,83058,40227,3865,34037,9,M,GUERIN,Guillaume,LR,12668
88,1,77078,34278,2392,30763,11,F,HAMELIN,Alisson,REM,14423
88,1,77078,34278,2392,30763,13,M,VIRY,Stéphane,LR,16340
88,2,73261,31828,2516,27975,2,M,CHERPION,Gérard,LR,15501
88,2,73261,31828,2516,27975,9,F,URBES,Christine,REM,12474
88,3,65649,30353,2130,27254,4,M,THIRARD,Claude,REM,10707
88,3,65649,30353,2130,27254,8,M,NAEGELEN,Christophe,DVD,16547
88,4,66558,31860,2654,27745,4,M,GAULTIER,Jean-Jacques,LR,14836
88,4,66558,31860,2654,27745,5,M,FRANQUEVILLE,Christian,SOC,12909
89,1,76916,37654,2227,34685,2,M,LARRIVÉ,Guillaume,LR,18243
89,1,76916,37654,2227,34685,4,M,DA SILVA MOREIRA,Paulo,REM,16442
89,2,75693,33703,3073,29416,4,M,VILLIERS,André,UDI,15911
89,2,75693,33703,3073,29416,15,M,CAULLET,Jean-Yves,REM,13505
89,3,89140,39608,2731,36078,7,M,ODOUL,Julien,FN,16020
89,3,89140,39608,2731,36078,12,F,CROUZET,Michèle,REM,20058
90,1,47838,21169,1840,18541,4,M,GRUDLER,Christophe,MDM,9131
90,1,47838,21169,1840,18541,6,M,BOUCARD,Ian,LR,9410
90,2,47495,20971,1810,18230,4,M,KERN,Bruno,REM,8415
90,2,47495,20971,1810,18230,10,M,ZUMKELLER,Michel,UDI,9815
91,1,71200,26024,1920,23375,16,M,VALLS,Manuel,DVG,11757
91,1,71200,26024,1920,23375,22,F,AMRANI,Farida,FI,11618
91,2,90740,39373,2189,36303,6,M,MARLIN,Franck,LR,21572
91,2,90740,39373,2189,36303,11,F,RACT-MADOUX,Daphné,MDM,14731
91,3,95817,41952,2917,37773,9,F,ARAUJO,Virginie,FI,16089
91,3,95817,41952,2917,37773,12,F,ROMEIRO DIAS,Laëtitia,REM,21684
91,4,96489,42189,3482,37620,2,F,RIXAIN,Marie-Pierre,REM,21725
91,4,96489,42189,3482,37620,7,F,EVREN,Agnès,LR,15895
91,5,68395,34009,2412,30905,4,M,VILLANI,Cédric,REM,21436
91,5,68395,34009,2412,30905,15,F,DARCOS,Laure,LR,9469
91,6,81934,33882,3196,29561,6,F,COUASSE,Françoise,UDI,11429
91,6,81934,33882,3196,29561,13,F,DE MONTCHALIN,Amélie,REM,18132
91,7,73663,28875,2206,25887,2,F,KERNREUTER,Muriel,REM,12156
91,7,73663,28875,2206,25887,3,M,REDA,Robin,LR,13731
91,8,76458,35832,1878,33324,1,M,DUPONT-AIGNAN,Nicolas,DLF,17344
91,8,76458,35832,1878,33324,4,M,PAVAMANI,Antoine,REM,15980
91,9,79287,30543,2710,26767,7,F,GUÉVENOUX,Marie,REM,15513
91,9,79287,30543,2710,26767,12,F,CARANTOIS,Véronique,LR,11254
91,10,60911,22824,1393,20851,7,M,RAPHAN,Pierre-Alain,REM,11138
91,10,60911,22824,1393,20851,9,F,GIRARD,Charlotte,FI,9713
92,1,62486,21573,1443,19852,9,F,FAUCILLON,Elsa,COM,10955
92,1,62486,21573,1443,19852,18,F,KHALFI,Isia,REM,8897
92,2,68008,32287,2227,29654,4,M,TAQUET,Adrien,REM,18810
92,2,68008,32287,2227,29654,6,F,AESCHLIMANN,Marie-Do,LR,10844
92,3,81072,38642,2774,35734,5,M,SPIRI,Jean,LR,14772
92,3,81072,38642,2774,35734,13,F,HENNION,Christine,REM,20962
92,4,76175,29785,3087,26187,7,F,FLORENNES,Isabelle,REM,17616
92,4,76175,29785,3087,26187,9,F,BEDIN,Camille,LR,8571
92,5,70370,31406,2193,28373,5,M,DE COURSON,Arnaud,LR,10637
92,5,70370,31406,2193,28373,18,F,CALVEZ,Céline,REM,17736
92,6,74305,37239,2278,34402,8,M,ZAMECZKOWSKI,Laurent,REM,15890
92,6,74305,37239,2278,34402,16,F,LE GRIP,Constance,LR,18512
92,7,86690,42937,1858,40636,12,M,MARILOSSIAN,Jacques,REM,23492
92,7,86690,42937,1858,40636,13,M,BERDOATI,Eric,LR,17144
92,8,68751,33883,2230,31341,8,M,MAIRE,Jacques,REM,19126
92,8,68751,33883,2230,31341,12,M,BOYER,Gilles,LR,12215
92,9,64985,28842,2663,26179,8,F,GODIN,Marie-Laure,DVD,11379
92,9,64985,28842,2663,26179,9,M,SOLÈRE,Thierry,LR,14800
92,10,78974,38048,3600,34160,6,M,ATTAL,Gabriel,REM,20818
92,10,78974,38048,3600,34160,8,M,COSTE,Jeremy,UDI,13342
92,11,69273,33000,1349,31121,3,F,ROSSI,Laurianne,REM,16287
92,11,69273,33000,1349,31121,9,F,BOUDJENAH,Yasmine,FI,14834
92,12,92856,44810,2943,40926,9,M,BOURLANGES,Jean-Louis,MDM,23705
92,12,92856,44810,2943,40926,17,M,PEMEZEC,Philippe,LR,17221
92,13,89108,44819,3765,40774,7,F,DUMAS,Frédérique,REM,25017
92,13,89108,44819,3765,40774,10,M,SIFFREDI,Georges,LR,15757
93,1,61804,19912,865,18542,3,M,COQUEREL,Éric,FI,9591
93,1,61804,19912,865,18542,10,M,MÉNARD,Sébastien,REM,8951
93,2,54143,15985,929,14684,9,M,PEU,Stéphane,FI,8501
93,2,54143,15985,929,14684,13,F,AVRIL,Véronique,REM,6183
93,3,72572,27858,1673,25569,7,F,DELAUNAY,Dominique,FI,10971
93,3,72572,27858,1673,25569,13,M,ANATO,Patrice,REM,14598
93,4,60977,18064,1066,16649,2,F,THEVENOT,Prisca,REM,6723
93,4,60977,18064,1066,16649,8,F,BUFFET,Marie-George,COM,9926
93,5,63848,21525,1615,19283,3,F,MAALEM-CHIBANE,Malika,REM,6537
93,5,63848,21525,1615,19283,9,M,LAGARDE,Jean-Christophe,UDI,12746
93,6,52593,17927,861,16718,13,M,AÏDARA,Alexandre,REM,7522
93,6,52593,17927,861,16718,14,M,LACHAUD,Bastien,FI,9196
93,7,76062,30181,1676,28058,6,F,MENHOUDJ,Halima,REM,11812
93,7,76062,30181,1676,28058,9,M,CORBIÈRE,Alexis,FI,16246
93,8,60133,23277,2255,20609,7,F,CHARRIÈRE,Sylvie,REM,11635
93,8,60133,23277,2255,20609,8,M,CALMÉJANE,Patrice,LR,8974
93,9,70180,25947,1414,23980,5,F,RUBIN,Sabine,FI,12533
93,9,70180,25947,1414,23980,14,F,DROMARD,Jeanne,REM,11447
93,10,68698,22305,1879,19783,7,M,RAMADIER,Alain,LR,10470
93,10,68698,22305,1879,19783,10,M,OUADAH,Billel,REM,9313
93,11,62665,19693,857,18418,6,F,AUTAIN,Clémentine,FI,10962
93,11,62665,19693,857,18418,8,F,WANLIN,Elsa,REM,7456
93,12,64794,21455,1654,19238,6,M,TORO,Ludovic,UDI,9042
93,12,64794,21455,1654,19238,8,M,TESTE,Stéphane,REM,10196
94,1,84680,36116,2581,32619,3,M,DESCROZAILLE,Frédéric,REM,17114
94,1,84680,36116,2581,32619,11,M,KASPI,André,LR,15505
94,2,63379,23118,1255,21271,2,M,COCQ,François,FI,10087
94,2,63379,23118,1255,21271,7,M,MBAYE,Jean François,REM,11184
94,3,72165,27016,2202,24112,1,M,SAINT-MARTIN,Laurent,REM,12452
94,3,72165,27016,2202,24112,5,M,GONZALES,Didier,LR,11660
94,4,72739,30112,2058,27312,2,F,CIUNTU,Marie-Carole,LR,12687
94,4,72739,30112,2058,27312,6,F,PETIT,Maud,MDM,14625
94,5,89457,37034,2440,33960,2,M,CARREZ,Gilles,LR,17145
94,5,89457,37034,2440,33960,11,F,RET,Nadine,REM,16815
94,6,81289,35876,3087,31953,3,M,LECOQ,Gildas,UDI,13030
94,6,81289,35876,3087,31953,5,M,GOUFFIER-CHA,Guillaume,REM,18923
94,7,65556,25982,2091,23036,2,M,BRIDEY,Jean-Jacques,REM,12141
94,7,65556,25982,2091,23036,9,M,JEANBRUN,Vincent,LR,10895
94,8,76749,38073,1793,35707,5,F,DOUIEB-NAHON,Jennifer,REM,15001
94,8,76749,38073,1793,35707,9,M,HERBILLON,Michel,LR,20706
94,9,53666,20290,1026,18776,12,F,MARSEAU,Gaëlle,REM,7747
94,9,53666,20290,1026,18776,15,M,CARVOUNAS,Luc,SOC,11029
94,10,64439,25976,1333,24026,3,F,BOULKROUN,Sheerazed,REM,11479
94,10,64439,25976,1333,24026,9,F,PANOT,Mathilde,FI,12547
94,11,62446,25410,1585,23335,1,M,ARROUCHE,Djamel,FI,10824
94,11,62446,25410,1585,23335,13,F,GAILLOT,Albane,REM,12511
95,1,81549,32299,3066,28396,2,F,MULLER-QUOY,Isabelle,REM,15400
95,1,81549,32299,3066,28396,8,M,SAVIGNAT,Antoine,LR,12996
95,2,76522,31474,2280,28531,4,M,VUILLETET,Guillaume,REM,14539
95,2,76522,31474,2280,28531,8,M,PONIATOWSKI,Axel,LR,13992
95,3,91577,35318,2747,31657,4,F,RILHAC,Cecile,REM,18464
95,3,91577,35318,2747,31657,9,F,LANASPRE,Nicole,LR,13193
95,4,76061,29952,2170,27088,11,F,MOUTCHOU,Naïma,REM,16081
95,4,76061,29952,2170,27088,12,M,BODIN,Claude,LR,11007
95,5,68484,23384,1737,20970,6,F,LAZAAR,Fiona,REM,12523
95,5,68484,23384,1737,20970,13,M,DOUCET,Philippe,SOC,8447
95,6,76438,29606,1581,26573,1,F,ELIMAS,Nathalie,MDM,15177
95,6,76438,29606,1581,26573,15,M,STREHAIANO,Luc,LR,11396
95,7,69585,26153,1827,23759,4,M,CHARTIER,Jérôme,LR,10958
95,7,69585,26153,1827,23759,5,M,DA SILVA,Dominique,REM,12801
95,8,54554,16873,859,15580,1,M,PUPPONI,François,SOC,10252
95,8,54554,16873,859,15580,12,M,DEBAH,Samy,DIV,5328
95,9,69985,21411,1768,18949,12,M,ARCIERO,Anthony,LR,9158
95,9,69985,21411,1768,18949,17,F,PARK,Zivka,REM,9791
95,10,66540,24363,1438,22496,4,F,NOIN LEDANOIS,Katia,FI,9221
95,10,66540,24363,1438,22496,13,M,TACHE,Aurelien,REM,13275
ZA,1,76233,26475,1024,23726,7,M,RAUZDUEL,Rosan,DVG,9078
ZA,1,76233,26475,1024,23726,13,M,SERVA,Olivier,REM,14648
ZA,2,86978,24470,945,22377,1,F,PERRAN,Diana,REM,7998
ZA,2,86978,24470,945,22377,14,F,BENIN,Justine,DVG,14379
ZA,3,83684,22021,1273,19409,8,M,LUCE,Nestor,DVG,6764
ZA,3,83684,22021,1273,19409,12,M,MATHIASIN,Max,DVG,12645
ZA,4,69233,23933,851,21753,7,F,VAINQUEUR-CHRISTOPHE,Hélène,SOC,13403
ZA,4,69233,23933,851,21753,8,M,ARBAU,Aramis,DVD,8350
ZB,1,79425,23940,1059,21837,6,F,MANIN,Josette,DVG,11986
ZB,1,79425,23940,1059,21837,7,M,EDMOND-MARIETTE,Philippe,DIV,9851
ZB,2,81667,27800,1388,25295,5,M,PAMPHILE,Justin,DVG,11185
ZB,2,81667,27800,1388,25295,7,M,AZEROT,Bruno Nestor,DVG,14110
ZB,3,65399,21706,729,20440,2,M,CAROLE,Françis,REG,5326
ZB,3,65399,21706,729,20440,5,M,LETCHIMY,Serge,DVG,15114
ZB,4,83734,23729,989,21748,9,F,SAITHSOOTHANE,Sylvia,LR,6954
ZB,4,83734,23729,989,21748,11,M,NILOR,Jean-Philippe,REG,14794
ZC,1,53662,15714,632,14702,4,M,SERVILLE,Gabriel,DVG,7546
ZC,1,53662,15714,632,14702,10,F,PREVOT-MADERE,Joëlle,REM,7156
ZC,2,39422,13836,323,13284,7,M,RIMANE,Davy,REG,6614
ZC,2,39422,13836,323,13284,8,M,ADAM,Lénaïck,REM,6670
ZD,1,80506,31799,1517,28774,8,F,BAREIGTS,Ericka,SOC,18950
ZD,1,80506,31799,1517,28774,16,M,MOREL,Jean-Jacques,LR,9824
ZD,2,92710,36436,1404,33374,4,F,BELLO,Huguette,DVG,24559
ZD,2,92710,36436,1404,33374,9,M,MELCHIOR,Cyrille,LR,8815
ZD,3,92752,40775,2674,34819,4,F,BASSIRE,Nathalie,LR,19652
ZD,3,92752,40775,2674,34819,9,M,HOARAU,Jacquet,DVD,15167
ZD,4,104970,49343,2631,43278,7,F,GOBALOU,Virginie,DVG,19738
ZD,4,104970,49343,2631,43278,8,M,LORION,David,LR,23540
ZD,5,83173,29366,1167,26583,4,M,RATENON,Jean Hugues,DVG,14056
ZD,5,83173,29366,1167,26583,9,M,GONTHIER,Daniel,LR,12527
ZD,6,75862,27162,1698,23596,11,F,RAMASSAMY,Nadia,LR,12415
ZD,6,75862,27162,1698,23596,16,F,ORPHE,Monique,REM,11181
ZD,7,110366,43452,3228,36695,7,M,ROBERT,Thierry,MDM,22305
ZD,7,110366,43452,3228,36695,8,M,MAROUVIN VIRAMALE,Fabrice,DVD,14390
ZM,1,37956,17276,563,15930,8,M,CHAKRINA,Elad,LR,7938
ZM,1,37956,17276,563,15930,9,F,ALI,Ramlati,SOC,7992
ZM,2,44845,22222,723,19967,1,M,BOINAHERY,Ibrahim,MDM,7066
ZM,2,44845,22222,723,19967,3,M,KAMARDINE,Mansour,LR,12901
ZN,1,85146,32363,1703,30000,2,F,BACKES,Sonia,DVD,12256
ZN,1,85146,32363,1703,30000,3,M,DUNOYER,Philippe,DVD,17744
ZN,2,104634,54882,1950,51970,3,M,GOMES,Philippe,UDI,28557
ZN,2,104634,54882,1950,51970,5,M,MAPOU,Louis,REG,23413
ZP,1,72585,33460,666,32075,1,M,GREIG,Moana,DVD,10147
ZP,1,72585,33460,666,32075,3,F,SAGE,Maina,UDI,21928
ZP,2,66706,30021,548,28486,1,F,IRITI,Teura,DVD,10204
ZP,2,66706,30021,548,28486,3,F,SANQUER,Nicole,DVD,18282
ZP,3,64425,32698,616,31623,1,M,HOWELL,Patrick,DVD,15020
ZP,3,64425,32698,616,31623,5,M,BROTHERSON,"Moetai, Charles",REG,16603
ZS,1,4974,3748,62,3636,1,M,LENORMAND,Stéphane,DIV,1750
ZS,1,4974,3748,62,3636,4,F,GIRARDIN,Annick,RDG,1886
ZX,1,25414,6636,185,6326,3,F,JAVOIS,Claire,LR,3462
ZX,1,25414,6636,185,6326,6,F,BOUCHAUT-CHOISY,Ines,REM,2864
ZZ,1,200179,26157,1158,24645,1,M,LESCURE,Roland,REM,19650
ZZ,1,200179,26157,1158,24645,5,M,LEFEBVRE,Frédéric,LR,4995
ZZ,2,75022,9357,261,9019,12,M,CORONADO,Sergio,ECO,3525
ZZ,2,75022,9357,261,9019,14,F,FORTEZA,Paula,REM,5494
ZZ,3,120692,21169,426,20616,2,F,LEMAIRE,Axelle,SOC,6163
ZZ,3,120692,21169,426,20616,5,M,HOLROYD,Alexandre,REM,14453
ZZ,4,122756,25494,710,24602,8,M,ANGLADE,Pieyre-Alexandre,REM,18138
ZZ,4,122756,25494,710,24602,9,F,RAUSZER,Sophie,FI,6464
ZZ,5,91291,12360,417,11823,1,M,RALLE-ANDREOLI,François,FI,3995
ZZ,5,91291,12360,417,11823,10,F,CAZEBONNE,Samantha,REM,7828
ZZ,6,127470,23945,521,23298,6,F,SCHMID,Claudine,LR,5838
ZZ,6,127470,23945,521,23298,11,M,SON-FORGET,Joachim,REM,17460
ZZ,7,105946,23447,774,22425,8,M,LE BORGN',Pierre-Yves,SOC,8310
ZZ,7,105946,23447,774,22425,9,M,PETIT,Frédéric,MDM,14115
ZZ,8,121386,14201,288,13823,12,M,HABIB,Meyer,UDI,7998
ZZ,8,121386,14201,288,13823,13,F,DRORY,Florence,REM,5825
ZZ,9,107778,12634,1141,11133,17,M,EL GUERRAB,M'Jid,DIV,6642
ZZ,9,107778,12634,1141,11133,25,F,AÏCHI,Leila,DVD,4491
ZZ,10,99956,18252,686,17399,6,F,LAKRAFI,Amal Amélia,REM,12397
ZZ,10,99956,18252,686,17399,9,M,MARSAUD,Alain,LR,5002
ZZ,11,92761,21020,717,20073,9,M,MARIANI,Thierry,LR,5676
ZZ,11,92761,21020,717,20073,14,F,GENETET,Anne,REM,14397
