departement,circonscription,inscrits,votants,blancs,exprimes,numero_panneau,sexe,nom,prenom,voix
01,1,82652,64664,5857,56876,1,M,MACRON,Emmanuel,34232
01,1,82652,64664,5857,56876,2,F,LE PEN,Marine,22644
01,2,93364,73608,6473,65332,1,M,MACRON,Emmanuel,39188
01,2,93364,73608,6473,65332,2,F,LE PEN,Marine,26144
01,3,75433,57674,4963,51342,1,M,MACRON,Emmanuel,35769
01,3,75433,57674,4963,51342,2,F,LE PEN,Marine,15573
01,4,89280,70567,6328,62289,1,M,MACRON,Emmanuel,36102
01,4,89280,70567,6328,62289,2,F,LE PEN,Marine,26187
01,5,75221,56307,5231,49391,1,M,MACRON,Emmanuel,28518
01,5,75221,56307,5231,49391,2,F,LE PEN,Marine,20873
02,1,72295,55441,4752,48909,1,M,MACRON,Emmanuel,23492
02,1,72295,55441,4752,48909,2,F,LE PEN,Marine,25417
02,2,73948,55842,4373,49789,1,M,MACRON,Emmanuel,25434
02,2,73948,55842,4373,49789,2,F,LE PEN,Marine,24355
02,3,68127,52549,3940,46899,1,M,MACRON,Emmanuel,18835
02,3,68127,52549,3940,46899,2,F,LE PEN,Marine,28064
02,4,79187,57963,4504,51670,1,M,MACRON,Emmanuel,24588
02,4,79187,57963,4504,51670,2,F,LE PEN,Marine,27082
02,5,82234,63251,5269,55874,1,M,MACRON,Emmanuel,26853
02,5,82234,63251,5269,55874,2,F,LE PEN,Marine,29021
03,1,89714,69875,6871,60134,1,M,MACRON,Emmanuel,38345
03,1,89714,69875,6871,60134,2,F,LE PEN,Marine,21789
03,2,84622,63205,6432,53571,1,M,MACRON,Emmanuel,34520
03,2,84622,63205,6432,53571,2,F,LE PEN,Marine,19051
03,3,79143,61105,5574,53081,1,M,MACRON,Emmanuel,33714
03,3,79143,61105,5574,53081,2,F,LE PEN,Marine,19367
04,1,61143,47517,4656,41001,1,M,MACRON,Emmanuel,23184
04,1,61143,47517,4656,41001,2,F,LE PEN,Marine,17817
04,2,65316,49687,5015,42810,1,M,MACRON,Emmanuel,25810
04,2,65316,49687,5015,42810,2,F,LE PEN,Marine,17000
05,1,57730,44664,4366,38843,1,M,MACRON,Emmanuel,24502
05,1,57730,44664,4366,38843,2,F,LE PEN,Marine,14341
05,2,52162,40333,4304,34785,1,M,MACRON,Emmanuel,22709
05,2,52162,40333,4304,34785,2,F,LE PEN,Marine,12076
06,1,80477,57378,4271,51734,1,M,MACRON,Emmanuel,32051
06,1,80477,57378,4271,51734,2,F,LE PEN,Marine,19683
06,2,85675,64848,5771,57557,1,M,MACRON,Emmanuel,30248
06,2,85675,64848,5771,57557,2,F,LE PEN,Marine,27309
06,3,89107,64006,4812,57665,1,M,MACRON,Emmanuel,33634
06,3,89107,64006,4812,57665,2,F,LE PEN,Marine,24031
06,4,85760,64172,5385,56942,1,M,MACRON,Emmanuel,27438
06,4,85760,64172,5385,56942,2,F,LE PEN,Marine,29504
06,5,87933,65332,4946,58113,1,M,MACRON,Emmanuel,30432
06,5,87933,65332,4946,58113,2,F,LE PEN,Marine,27681
06,6,78083,58834,5798,52397,1,M,MACRON,Emmanuel,27009
06,6,78083,58834,5798,52397,2,F,LE PEN,Marine,25388
06,7,92849,70020,6383,62579,1,M,MACRON,Emmanuel,38519
06,7,92849,70020,6383,62579,2,F,LE PEN,Marine,24060
06,8,82004,59328,5245,52921,1,M,MACRON,Emmanuel,29384
06,8,82004,59328,5245,52921,2,F,LE PEN,Marine,23537
06,9,79892,59231,5173,53043,1,M,MACRON,Emmanuel,29692
06,9,79892,59231,5173,53043,2,F,LE PEN,Marine,23351
07,1,77887,60562,6326,51861,1,M,MACRON,Emmanuel,31175
07,1,77887,60562,6326,51861,2,F,LE PEN,Marine,20686
07,2,93025,73823,7023,64505,1,M,MACRON,Emmanuel,40894
07,2,93025,73823,7023,64505,2,F,LE PEN,Marine,23611
07,3,78304,60344,6451,51342,1,M,MACRON,Emmanuel,32530
07,3,78304,60344,6451,51342,2,F,LE PEN,Marine,18812
08,1,73326,55550,4927,48854,1,M,MACRON,Emmanuel,24976
08,1,73326,55550,4927,48854,2,F,LE PEN,Marine,23878
08,2,63871,45632,4039,40176,1,M,MACRON,Emmanuel,20535
08,2,63871,45632,4039,40176,2,F,LE PEN,Marine,19641
08,3,57152,43281,3821,37965,1,M,MACRON,Emmanuel,18913
08,3,57152,43281,3821,37965,2,F,LE PEN,Marine,19052
09,1,56738,43734,5065,36564,1,M,MACRON,Emmanuel,23960
09,1,56738,43734,5065,36564,2,F,LE PEN,Marine,12604
09,2,60668,46974,5068,39493,1,M,MACRON,Emmanuel,24023
09,2,60668,46974,5068,39493,2,F,LE PEN,Marine,15470
10,1,64350,50658,4502,44787,1,M,MACRON,Emmanuel,22501
10,1,64350,50658,4502,44787,2,F,LE PEN,Marine,22286
10,2,73832,57543,4978,50994,1,M,MACRON,Emmanuel,28113
10,2,73832,57543,4978,50994,2,F,LE PEN,Marine,22881
10,3,65618,49929,4182,44209,1,M,MACRON,Emmanuel,25196
10,3,65618,49929,4182,44209,2,F,LE PEN,Marine,19013
11,1,95088,74304,6837,64541,1,M,MACRON,Emmanuel,35350
11,1,95088,74304,6837,64541,2,F,LE PEN,Marine,29191
11,2,88876,66528,6320,57726,1,M,MACRON,Emmanuel,30671
11,2,88876,66528,6320,57726,2,F,LE PEN,Marine,27055
11,3,88679,69981,7020,60086,1,M,MACRON,Emmanuel,34880
11,3,88679,69981,7020,60086,2,F,LE PEN,Marine,25206
12,1,76420,61512,5698,53667,1,M,MACRON,Emmanuel,40221
12,1,76420,61512,5698,53667,2,F,LE PEN,Marine,13446
12,2,69911,55212,5274,47275,1,M,MACRON,Emmanuel,34748
12,2,69911,55212,5274,47275,2,F,LE PEN,Marine,12527
12,3,71766,57522,5743,49236,1,M,MACRON,Emmanuel,34371
12,3,71766,57522,5743,49236,2,F,LE PEN,Marine,14865
13,1,78349,56322,4275,50666,1,M,MACRON,Emmanuel,28095
13,1,78349,56322,4275,50666,2,F,LE PEN,Marine,22571
13,2,78721,57477,4314,52015,1,M,MACRON,Emmanuel,36426
13,2,78721,57477,4314,52015,2,F,LE PEN,Marine,15589
13,3,73445,50886,3600,46360,1,M,MACRON,Emmanuel,26167
13,3,73445,50886,3600,46360,2,F,LE PEN,Marine,20193
13,4,59630,39027,2512,35693,1,M,MACRON,Emmanuel,28071
13,4,59630,39027,2512,35693,2,F,LE PEN,Marine,7622
13,5,69007,49043,3583,44209,1,M,MACRON,Emmanuel,30393
13,5,69007,49043,3583,44209,2,F,LE PEN,Marine,13816
13,6,75597,53440,3914,48423,1,M,MACRON,Emmanuel,29343
13,6,75597,53440,3914,48423,2,F,LE PEN,Marine,19080
13,7,65358,40542,2075,37700,1,M,MACRON,Emmanuel,24473
13,7,65358,40542,2075,37700,2,F,LE PEN,Marine,13227
13,8,99982,76160,6741,67189,1,M,MACRON,Emmanuel,35800
13,8,99982,76160,6741,67189,2,F,LE PEN,Marine,31389
13,9,96958,72414,6587,63751,1,M,MACRON,Emmanuel,34736
13,9,96958,72414,6587,63751,2,F,LE PEN,Marine,29015
13,10,106021,81733,7197,72380,1,M,MACRON,Emmanuel,38120
13,10,106021,81733,7197,72380,2,F,LE PEN,Marine,34260
13,11,89232,66879,5383,59912,1,M,MACRON,Emmanuel,37873
13,11,89232,66879,5383,59912,2,F,LE PEN,Marine,22039
13,12,92152,69053,5917,61888,1,M,MACRON,Emmanuel,28146
13,12,92152,69053,5917,61888,2,F,LE PEN,Marine,33742
13,13,93716,68853,6621,59436,1,M,MACRON,Emmanuel,29237
13,13,93716,68853,6621,59436,2,F,LE PEN,Marine,30199
13,14,96560,74039,6118,66142,1,M,MACRON,Emmanuel,44903
13,14,96560,74039,6118,66142,2,F,LE PEN,Marine,21239
13,15,104757,81889,7330,71964,1,M,MACRON,Emmanuel,37100
13,15,104757,81889,7330,71964,2,F,LE PEN,Marine,34864
13,16,90572,68280,5771,60063,1,M,MACRON,Emmanuel,30452
13,16,90572,68280,5771,60063,2,F,LE PEN,Marine,29611
14,1,70080,54991,4351,49124,1,M,MACRON,Emmanuel,38863
14,1,70080,54991,4351,49124,2,F,LE PEN,Marine,10261
14,2,67570,51390,4183,45818,1,M,MACRON,Emmanuel,33475
14,2,67570,51390,4183,45818,2,F,LE PEN,Marine,12343
14,3,78940,60935,5134,53884,1,M,MACRON,Emmanuel,31081
14,3,78940,60935,5134,53884,2,F,LE PEN,Marine,22803
14,4,101046,78123,6678,68921,1,M,MACRON,Emmanuel,44964
14,4,101046,78123,6678,68921,2,F,LE PEN,Marine,23957
14,5,89925,71317,5766,63400,1,M,MACRON,Emmanuel,42275
14,5,89925,71317,5766,63400,2,F,LE PEN,Marine,21125
14,6,93501,74606,6017,65470,1,M,MACRON,Emmanuel,41957
14,6,93501,74606,6017,65470,2,F,LE PEN,Marine,23513
15,1,63001,49909,4818,43107,1,M,MACRON,Emmanuel,30959
15,1,63001,49909,4818,43107,2,F,LE PEN,Marine,12148
15,2,54393,42206,4221,36242,1,M,MACRON,Emmanuel,24452
15,2,54393,42206,4221,36242,2,F,LE PEN,Marine,11790
16,1,84961,63007,5574,55239,1,M,MACRON,Emmanuel,39610
16,1,84961,63007,5574,55239,2,F,LE PEN,Marine,15629
16,2,84021,64936,5649,56838,1,M,MACRON,Emmanuel,35782
16,2,84021,64936,5649,56838,2,F,LE PEN,Marine,21056
16,3,90969,71468,6484,61539,1,M,MACRON,Emmanuel,38308
16,3,90969,71468,6484,61539,2,F,LE PEN,Marine,23231
17,1,103267,78229,6712,69208,1,M,MACRON,Emmanuel,53736
17,1,103267,78229,6712,69208,2,F,LE PEN,Marine,15472
17,2,104354,80865,7745,70553,1,M,MACRON,Emmanuel,46790
17,2,104354,80865,7745,70553,2,F,LE PEN,Marine,23763
17,3,82243,63308,5748,55155,1,M,MACRON,Emmanuel,34737
17,3,82243,63308,5748,55155,2,F,LE PEN,Marine,20418
17,4,89928,70068,6252,61395,1,M,MACRON,Emmanuel,35716
17,4,89928,70068,6252,61395,2,F,LE PEN,Marine,25679
17,5,111506,87004,8263,76008,1,M,MACRON,Emmanuel,44486
17,5,111506,87004,8263,76008,2,F,LE PEN,Marine,31522
18,1,72592,54325,5815,47196,1,M,MACRON,Emmanuel,30384
18,1,72592,54325,5815,47196,2,F,LE PEN,Marine,16812
18,2,70174,51108,5399,43938,1,M,MACRON,Emmanuel,26968
18,2,70174,51108,5399,43938,2,F,LE PEN,Marine,16970
18,3,86218,65530,6884,56600,1,M,MACRON,Emmanuel,33024
18,3,86218,65530,6884,56600,2,F,LE PEN,Marine,23576
19,1,92667,74382,8019,62037,1,M,MACRON,Emmanuel,44331
19,1,92667,74382,8019,62037,2,F,LE PEN,Marine,17706
19,2,92578,72703,7116,61947,1,M,MACRON,Emmanuel,43698
19,2,92578,72703,7116,61947,2,F,LE PEN,Marine,18249
21,1,68418,53927,4845,47719,1,M,MACRON,Emmanuel,36092
21,1,68418,53927,4845,47719,2,F,LE PEN,Marine,11627
21,2,68719,53589,4952,47064,1,M,MACRON,Emmanuel,30926
21,2,68719,53589,4952,47064,2,F,LE PEN,Marine,16138
21,3,70382,55112,4930,48715,1,M,MACRON,Emmanuel,31786
21,3,70382,55112,4930,48715,2,F,LE PEN,Marine,16929
21,4,68736,54446,5576,47134,1,M,MACRON,Emmanuel,26744
21,4,68736,54446,5576,47134,2,F,LE PEN,Marine,20390
21,5,84391,66317,6349,58134,1,M,MACRON,Emmanuel,34097
21,5,84391,66317,6349,58134,2,F,LE PEN,Marine,24037
22,1,89781,71180,5958,63002,1,M,MACRON,Emmanuel,48937
22,1,89781,71180,5958,63002,2,F,LE PEN,Marine,14065
22,2,96788,79156,7142,69503,1,M,MACRON,Emmanuel,49661
22,2,96788,79156,7142,69503,2,F,LE PEN,Marine,19842
22,3,86711,71338,6076,62850,1,M,MACRON,Emmanuel,44369
22,3,86711,71338,6076,62850,2,F,LE PEN,Marine,18481
22,4,78642,63292,6087,54466,1,M,MACRON,Emmanuel,38869
22,4,78642,63292,6087,54466,2,F,LE PEN,Marine,15597
22,5,103918,83204,7624,72686,1,M,MACRON,Emmanuel,55117
22,5,103918,83204,7624,72686,2,F,LE PEN,Marine,17569
23,1,93122,71384,7806,59667,1,M,MACRON,Emmanuel,39239
23,1,93122,71384,7806,59667,2,F,LE PEN,Marine,20428
24,1,76193,59217,5933,50229,1,M,MACRON,Emmanuel,32899
24,1,76193,59217,5933,50229,2,F,LE PEN,Marine,17330
24,2,82427,64433,6050,55578,1,M,MACRON,Emmanuel,33949
24,2,82427,64433,6050,55578,2,F,LE PEN,Marine,21629
24,3,67480,54338,5638,45796,1,M,MACRON,Emmanuel,28737
24,3,67480,54338,5638,45796,2,F,LE PEN,Marine,17059
24,4,87801,70156,7534,59265,1,M,MACRON,Emmanuel,39948
24,4,87801,70156,7534,59265,2,F,LE PEN,Marine,19317
25,1,75230,57285,5128,50586,1,M,MACRON,Emmanuel,34951
25,1,75230,57285,5128,50586,2,F,LE PEN,Marine,15635
25,2,78332,60618,5617,53078,1,M,MACRON,Emmanuel,37626
25,2,78332,60618,5617,53078,2,F,LE PEN,Marine,15452
25,3,65880,50491,4753,43964,1,M,MACRON,Emmanuel,25237
25,3,65880,50491,4753,43964,2,F,LE PEN,Marine,18727
25,4,66899,50096,4398,43881,1,M,MACRON,Emmanuel,23743
25,4,66899,50096,4398,43881,2,F,LE PEN,Marine,20138
25,5,81973,65200,6183,56730,1,M,MACRON,Emmanuel,36747
25,5,81973,65200,6183,56730,2,F,LE PEN,Marine,19983
26,1,75253,56921,4618,50627,1,M,MACRON,Emmanuel,34815
26,1,75253,56921,4618,50627,2,F,LE PEN,Marine,15812
26,2,93294,71550,6346,62923,1,M,MACRON,Emmanuel,36186
26,2,93294,71550,6346,62923,2,F,LE PEN,Marine,26737
26,3,106730,85237,8955,73643,1,M,MACRON,Emmanuel,48204
26,3,106730,85237,8955,73643,2,F,LE PEN,Marine,25439
26,4,94185,73645,6492,65111,1,M,MACRON,Emmanuel,38787
26,4,94185,73645,6492,65111,2,F,LE PEN,Marine,26324
27,1,86371,65974,5793,58559,1,M,MACRON,Emmanuel,31949
27,1,86371,65974,5793,58559,2,F,LE PEN,Marine,26610
27,2,78439,61334,5576,54238,1,M,MACRON,Emmanuel,30196
27,2,78439,61334,5576,54238,2,F,LE PEN,Marine,24042
27,3,84423,66478,5896,58770,1,M,MACRON,Emmanuel,30460
27,3,84423,66478,5896,58770,2,F,LE PEN,Marine,28310
27,4,89881,68591,6172,60486,1,M,MACRON,Emmanuel,33966
27,4,89881,68591,6172,60486,2,F,LE PEN,Marine,26520
27,5,88408,67849,5784,60222,1,M,MACRON,Emmanuel,32287
27,5,88408,67849,5784,60222,2,F,LE PEN,Marine,27935
28,1,89165,68630,6130,60677,1,M,MACRON,Emmanuel,40689
28,1,89165,68630,6130,60677,2,F,LE PEN,Marine,19988
28,2,74284,54528,4668,48461,1,M,MACRON,Emmanuel,28566
28,2,74284,54528,4668,48461,2,F,LE PEN,Marine,19895
28,3,70795,54211,4929,47726,1,M,MACRON,Emmanuel,28271
28,3,70795,54211,4929,47726,2,F,LE PEN,Marine,19455
28,4,67211,52870,4942,46252,1,M,MACRON,Emmanuel,24894
28,4,67211,52870,4942,46252,2,F,LE PEN,Marine,21358
29,1,88744,71965,5888,64051,1,M,MACRON,Emmanuel,51507
29,1,88744,71965,5888,64051,2,F,LE PEN,Marine,12544
29,2,78508,57660,6442,51020,1,M,MACRON,Emmanuel,40570
29,2,78508,57660,6442,51020,2,F,LE PEN,Marine,10450
29,3,89482,70918,7036,62584,1,M,MACRON,Emmanuel,47718
29,3,89482,70918,7036,62584,2,F,LE PEN,Marine,14866
29,4,82180,65696,6145,57669,1,M,MACRON,Emmanuel,45314
29,4,82180,65696,6145,57669,2,F,LE PEN,Marine,12355
29,5,94387,76146,6662,67509,1,M,MACRON,Emmanuel,52684
29,5,94387,76146,6662,67509,2,F,LE PEN,Marine,14825
29,6,89273,71060,6769,61987,1,M,MACRON,Emmanuel,46434
29,6,89273,71060,6769,61987,2,F,LE PEN,Marine,15553
29,7,80496,63963,5827,55993,1,M,MACRON,Emmanuel,43603
29,7,80496,63963,5827,55993,2,F,LE PEN,Marine,12390
29,8,87369,68493,6558,59409,1,M,MACRON,Emmanuel,43502
29,8,87369,68493,6558,59409,2,F,LE PEN,Marine,15907
2A,1,50854,32662,2669,28754,1,M,MACRON,Emmanuel,14926
2A,1,50854,32662,2669,28754,2,F,LE PEN,Marine,13828
2A,2,57906,37586,2969,32800,1,M,MACRON,Emmanuel,16213
2A,2,57906,37586,2969,32800,2,F,LE PEN,Marine,16587
2B,1,58788,37818,3074,32339,1,M,MACRON,Emmanuel,16078
2B,1,58788,37818,3074,32339,2,F,LE PEN,Marine,16261
2B,2,66085,41416,3825,35908,1,M,MACRON,Emmanuel,19602
2B,2,66085,41416,3825,35908,2,F,LE PEN,Marine,16306
30,1,86919,63418,5054,56519,1,M,MACRON,Emmanuel,32088
30,1,86919,63418,5054,56519,2,F,LE PEN,Marine,24431
30,2,89044,69050,6155,60524,1,M,MACRON,Emmanuel,29692
30,2,89044,69050,6155,60524,2,F,LE PEN,Marine,30832
30,3,93641,72773,6564,63943,1,M,MACRON,Emmanuel,35023
30,3,93641,72773,6564,63943,2,F,LE PEN,Marine,28920
30,4,91123,69466,6757,60105,1,M,MACRON,Emmanuel,31607
30,4,91123,69466,6757,60105,2,F,LE PEN,Marine,28498
30,5,95928,72838,7603,62339,1,M,MACRON,Emmanuel,35953
30,5,95928,72838,7603,62339,2,F,LE PEN,Marine,26386
30,6,81185,59870,5303,52684,1,M,MACRON,Emmanuel,30626
30,6,81185,59870,5303,52684,2,F,LE PEN,Marine,22058
31,1,83663,59565,4921,53090,1,M,MACRON,Emmanuel,42735
31,1,83663,59565,4921,53090,2,F,LE PEN,Marine,10355
31,2,101383,74449,6287,65832,1,M,MACRON,Emmanuel,49853
31,2,101383,74449,6287,65832,2,F,LE PEN,Marine,15979
31,3,79443,59406,5139,52769,1,M,MACRON,Emmanuel,42612
31,3,79443,59406,5139,52769,2,F,LE PEN,Marine,10157
31,4,71192,47711,3806,42360,1,M,MACRON,Emmanuel,35448
31,4,71192,47711,3806,42360,2,F,LE PEN,Marine,6912
31,5,98458,77456,7198,67590,1,M,MACRON,Emmanuel,43263
31,5,98458,77456,7198,67590,2,F,LE PEN,Marine,24327
31,6,111627,87990,7435,77612,1,M,MACRON,Emmanuel,56089
31,6,111627,87990,7435,77612,2,F,LE PEN,Marine,21523
31,7,99776,77543,7008,67838,1,M,MACRON,Emmanuel,42953
31,7,99776,77543,7008,67838,2,F,LE PEN,Marine,24885
31,8,85512,65617,6416,56045,1,M,MACRON,Emmanuel,34367
31,8,85512,65617,6416,56045,2,F,LE PEN,Marine,21678
31,9,80376,58012,4986,51345,1,M,MACRON,Emmanuel,38684
31,9,80376,58012,4986,51345,2,F,LE PEN,Marine,12661
31,10,95402,78536,7376,68779,1,M,MACRON,Emmanuel,50661
31,10,95402,78536,7376,68779,2,F,LE PEN,Marine,18118
32,1,73502,59495,5991,51058,1,M,MACRON,Emmanuel,35219
32,1,73502,59495,5991,51058,2,F,LE PEN,Marine,15839
32,2,71448,57820,5583,49937,1,M,MACRON,Emmanuel,32352
32,2,71448,57820,5583,49937,2,F,LE PEN,Marine,17585
33,1,95070,71094,5323,64074,1,M,MACRON,Emmanuel,52896
33,1,95070,71094,5323,64074,2,F,LE PEN,Marine,11178
33,2,65986,48350,3419,43828,1,M,MACRON,Emmanuel,38590
33,2,65986,48350,3419,43828,2,F,LE PEN,Marine,5238
33,3,80975,59071,4846,52381,1,M,MACRON,Emmanuel,42327
33,3,80975,59071,4846,52381,2,F,LE PEN,Marine,10054
33,4,93581,68439,6201,60132,1,M,MACRON,Emmanuel,41316
33,4,93581,68439,6201,60132,2,F,LE PEN,Marine,18816
33,5,110540,86391,7516,76186,1,M,MACRON,Emmanuel,47028
33,5,110540,86391,7516,76186,2,F,LE PEN,Marine,29158
33,6,103637,80912,6937,71707,1,M,MACRON,Emmanuel,55165
33,6,103637,80912,6937,71707,2,F,LE PEN,Marine,16542
33,7,76980,59919,5138,53032,1,M,MACRON,Emmanuel,42456
33,7,76980,59919,5138,53032,2,F,LE PEN,Marine,10576
33,8,109110,84567,8191,73854,1,M,MACRON,Emmanuel,49163
33,8,109110,84567,8191,73854,2,F,LE PEN,Marine,24691
33,9,93585,74613,7337,64633,1,M,MACRON,Emmanuel,42643
33,9,93585,74613,7337,64633,2,F,LE PEN,Marine,21990
33,10,80801,62914,5568,54940,1,M,MACRON,Emmanuel,33189
33,10,80801,62914,5568,54940,2,F,LE PEN,Marine,21751
33,11,92955,71791,6361,63097,1,M,MACRON,Emmanuel,33101
33,11,92955,71791,6361,63097,2,F,LE PEN,Marine,29996
33,12,83345,66679,6356,57888,1,M,MACRON,Emmanuel,37617
33,12,83345,66679,6356,57888,2,F,LE PEN,Marine,20271
34,1,84608,62701,5683,55314,1,M,MACRON,Emmanuel,35528
34,1,84608,62701,5683,55314,2,F,LE PEN,Marine,19786
34,2,60414,41136,3269,36987,1,M,MACRON,Emmanuel,29990
34,2,60414,41136,3269,36987,2,F,LE PEN,Marine,6997
34,3,85058,66181,6112,58169,1,M,MACRON,Emmanuel,39681
34,3,85058,66181,6112,58169,2,F,LE PEN,Marine,18488
34,4,111937,87495,8575,75871,1,M,MACRON,Emmanuel,45187
34,4,111937,87495,8575,75871,2,F,LE PEN,Marine,30684
34,5,94270,72571,7734,61862,1,M,MACRON,Emmanuel,32313
34,5,94270,72571,7734,61862,2,F,LE PEN,Marine,29549
34,6,91222,67558,6162,59328,1,M,MACRON,Emmanuel,28726
34,6,91222,67558,6162,59328,2,F,LE PEN,Marine,30602
34,7,102076,77392,6933,67568,1,M,MACRON,Emmanuel,33607
34,7,102076,77392,6933,67568,2,F,LE PEN,Marine,33961
34,8,88579,66106,5790,58009,1,M,MACRON,Emmanuel,34402
34,8,88579,66106,5790,58009,2,F,LE PEN,Marine,23607
34,9,82100,61495,5109,54458,1,M,MACRON,Emmanuel,32985
34,9,82100,61495,5109,54458,2,F,LE PEN,Marine,21473
35,1,89581,69019,5289,62132,1,M,MACRON,Emmanuel,52529
35,1,89581,69019,5289,62132,2,F,LE PEN,Marine,9603
35,2,92186,74869,5526,67629,1,M,MACRON,Emmanuel,57468
35,2,92186,74869,5526,67629,2,F,LE PEN,Marine,10161
35,3,86065,69347,5514,61835,1,M,MACRON,Emmanuel,46389
35,3,86065,69347,5514,61835,2,F,LE PEN,Marine,15446
35,4,90195,72225,6121,64066,1,M,MACRON,Emmanuel,45130
35,4,90195,72225,6121,64066,2,F,LE PEN,Marine,18936
35,5,103140,83473,6605,74474,1,M,MACRON,Emmanuel,56724
35,5,103140,83473,6605,74474,2,F,LE PEN,Marine,17750
35,6,86855,70353,5617,62325,1,M,MACRON,Emmanuel,43953
35,6,86855,70353,5617,62325,2,F,LE PEN,Marine,18372
35,7,98646,77409,6729,68391,1,M,MACRON,Emmanuel,50244
35,7,98646,77409,6729,68391,2,F,LE PEN,Marine,18147
35,8,83387,64492,4633,58437,1,M,MACRON,Emmanuel,50910
35,8,83387,64492,4633,58437,2,F,LE PEN,Marine,7527
36,1,80306,59905,5641,51243,1,M,MACRON,Emmanuel,32191
36,1,80306,59905,5641,51243,2,F,LE PEN,Marine,19052
36,2,90099,70589,6999,60557,1,M,MACRON,Emmanuel,35982
36,2,90099,70589,6999,60557,2,F,LE PEN,Marine,24575
37,1,68639,48785,4019,43525,1,M,MACRON,Emmanuel,35096
37,1,68639,48785,4019,43525,2,F,LE PEN,Marine,8429
37,2,88621,69971,6615,61172,1,M,MACRON,Emmanuel,40276
37,2,88621,69971,6615,61172,2,F,LE PEN,Marine,20896
37,3,97499,76360,6949,67122,1,M,MACRON,Emmanuel,45992
37,3,97499,76360,6949,67122,2,F,LE PEN,Marine,21130
37,4,90159,69982,6414,61333,1,M,MACRON,Emmanuel,41526
37,4,90159,69982,6414,61333,2,F,LE PEN,Marine,19807
37,5,83922,65230,5858,57497,1,M,MACRON,Emmanuel,38321
37,5,83922,65230,5858,57497,2,F,LE PEN,Marine,19176
38,1,83117,64079,4845,58324,1,M,MACRON,Emmanuel,48766
38,1,83117,64079,4845,58324,2,F,LE PEN,Marine,9558
38,2,77368,57160,4770,51055,1,M,MACRON,Emmanuel,36215
38,2,77368,57160,4770,51055,2,F,LE PEN,Marine,14840
38,3,59733,42880,3227,38814,1,M,MACRON,Emmanuel,29582
38,3,59733,42880,3227,38814,2,F,LE PEN,Marine,9232
38,4,89753,69184,6300,61217,1,M,MACRON,Emmanuel,41617
38,4,89753,69184,6300,61217,2,F,LE PEN,Marine,19600
38,5,102249,79604,6997,70813,1,M,MACRON,Emmanuel,49227
38,5,102249,79604,6997,70813,2,F,LE PEN,Marine,21586
38,6,83209,63502,5348,56700,1,M,MACRON,Emmanuel,30477
38,6,83209,63502,5348,56700,2,F,LE PEN,Marine,26223
38,7,91392,71603,6632,63043,1,M,MACRON,Emmanuel,35007
38,7,91392,71603,6632,63043,2,F,LE PEN,Marine,28036
38,8,78587,60191,5451,53282,1,M,MACRON,Emmanuel,32001
38,8,78587,60191,5451,53282,2,F,LE PEN,Marine,21281
38,9,97235,74692,6991,65991,1,M,MACRON,Emmanuel,43973
38,9,97235,74692,6991,65991,2,F,LE PEN,Marine,22018
38,10,93687,70792,6061,63055,1,M,MACRON,Emmanuel,36332
38,10,93687,70792,6061,63055,2,F,LE PEN,Marine,26723
39,1,65566,51429,5335,44474,1,M,MACRON,Emmanuel,27979
39,1,65566,51429,5335,44474,2,F,LE PEN,Marine,16495
39,2,55251,43114,4600,37259,1,M,MACRON,Emmanuel,23461
39,2,55251,43114,4600,37259,2,F,LE PEN,Marine,13798
39,3,69499,54711,5426,47423,1,M,MACRON,Emmanuel,27828
39,3,69499,54711,5426,47423,2,F,LE PEN,Marine,19595
40,1,101389,80095,8046,69153,1,M,MACRON,Emmanuel,46038
40,1,101389,80095,8046,69153,2,F,LE PEN,Marine,23115
40,2,112217,88328,8985,76276,1,M,MACRON,Emmanuel,54472
40,2,112217,88328,8985,76276,2,F,LE PEN,Marine,21804
40,3,96516,78886,7659,67851,1,M,MACRON,Emmanuel,46109
40,3,96516,78886,7659,67851,2,F,LE PEN,Marine,21742
41,1,82777,62677,5575,55094,1,M,MACRON,Emmanuel,36315
41,1,82777,62677,5575,55094,2,F,LE PEN,Marine,18779
41,2,80310,62727,6008,54774,1,M,MACRON,Emmanuel,30626
41,2,80310,62727,6008,54774,2,F,LE PEN,Marine,24148
41,3,82207,65323,6365,56817,1,M,MACRON,Emmanuel,33848
41,3,82207,65323,6365,56817,2,F,LE PEN,Marine,22969
42,1,65597,47582,3803,42557,1,M,MACRON,Emmanuel,29846
42,1,65597,47582,3803,42557,2,F,LE PEN,Marine,12711
42,2,53158,37475,3008,33552,1,M,MACRON,Emmanuel,24963
42,2,53158,37475,3008,33552,2,F,LE PEN,Marine,8589
42,3,82417,61295,5847,54270,1,M,MACRON,Emmanuel,34298
42,3,82417,61295,5847,54270,2,F,LE PEN,Marine,19972
42,4,100984,77577,6992,68499,1,M,MACRON,Emmanuel,41272
42,4,100984,77577,6992,68499,2,F,LE PEN,Marine,27227
42,5,101203,79556,7419,69549,1,M,MACRON,Emmanuel,42983
42,5,101203,79556,7419,69549,2,F,LE PEN,Marine,26566
42,6,107544,84056,7432,73890,1,M,MACRON,Emmanuel,45241
42,6,107544,84056,7432,73890,2,F,LE PEN,Marine,28649
43,1,97714,77341,7501,67180,1,M,MACRON,Emmanuel,41411
43,1,97714,77341,7501,67180,2,F,LE PEN,Marine,25769
43,2,79402,62134,6603,53165,1,M,MACRON,Emmanuel,34822
43,2,79402,62134,6603,53165,2,F,LE PEN,Marine,18343
44,1,74869,57272,4860,51591,1,M,MACRON,Emmanuel,44234
44,1,74869,57272,4860,51591,2,F,LE PEN,Marine,7357
44,2,85774,65086,5289,58511,1,M,MACRON,Emmanuel,51204
44,2,85774,65086,5289,58511,2,F,LE PEN,Marine,7307
44,3,92164,69388,6708,61382,1,M,MACRON,Emmanuel,49684
44,3,92164,69388,6708,61382,2,F,LE PEN,Marine,11698
44,4,88908,68776,5848,61129,1,M,MACRON,Emmanuel,50022
44,4,88908,68776,5848,61129,2,F,LE PEN,Marine,11107
44,5,116178,93258,7865,83103,1,M,MACRON,Emmanuel,66883
44,5,116178,93258,7865,83103,2,F,LE PEN,Marine,16220
44,6,109490,86953,8038,76251,1,M,MACRON,Emmanuel,52450
44,6,109490,86953,8038,76251,2,F,LE PEN,Marine,23801
44,7,108183,85787,8553,71658,1,M,MACRON,Emmanuel,51475
44,7,108183,85787,8553,71658,2,F,LE PEN,Marine,20183
44,8,85490,64269,5809,51742,1,M,MACRON,Emmanuel,37560
44,8,85490,64269,5809,51742,2,F,LE PEN,Marine,14182
44,9,117825,93951,8993,82066,1,M,MACRON,Emmanuel,56968
44,9,117825,93951,8993,82066,2,F,LE PEN,Marine,25098
44,10,114532,93933,8012,83120,1,M,MACRON,Emmanuel,64720
44,10,114532,93933,8012,83120,2,F,LE PEN,Marine,18400
45,1,75639,58784,5136,52215,1,M,MACRON,Emmanuel,38954
45,1,75639,58784,5136,52215,2,F,LE PEN,Marine,13261
45,2,85243,64605,5569,57286,1,M,MACRON,Emmanuel,38409
45,2,85243,64605,5569,57286,2,F,LE PEN,Marine,18877
45,3,70847,55846,5115,49096,1,M,MACRON,Emmanuel,28329
45,3,70847,55846,5115,49096,2,F,LE PEN,Marine,20767
45,4,74609,56398,5027,49735,1,M,MACRON,Emmanuel,26729
45,4,74609,56398,5027,49735,2,F,LE PEN,Marine,23006
45,5,74498,57127,5182,50313,1,M,MACRON,Emmanuel,28347
45,5,74498,57127,5182,50313,2,F,LE PEN,Marine,21966
45,6,71785,56218,4702,50094,1,M,MACRON,Emmanuel,34236
45,6,71785,56218,4702,50094,2,F,LE PEN,Marine,15858
46,1,70827,56132,5766,47963,1,M,MACRON,Emmanuel,33897
46,1,70827,56132,5766,47963,2,F,LE PEN,Marine,14066
46,2,65438,52836,5688,44776,1,M,MACRON,Emmanuel,33040
46,2,65438,52836,5688,44776,2,F,LE PEN,Marine,11736
47,1,88181,68784,6313,59822,1,M,MACRON,Emmanuel,36896
47,1,88181,68784,6313,59822,2,F,LE PEN,Marine,22926
47,2,77015,60612,5257,52590,1,M,MACRON,Emmanuel,30015
47,2,77015,60612,5257,52590,2,F,LE PEN,Marine,22575
47,3,75686,59223,5449,51399,1,M,MACRON,Emmanuel,30507
47,3,75686,59223,5449,51399,2,F,LE PEN,Marine,20892
48,1,59496,47612,5008,40269,1,M,MACRON,Emmanuel,26994
48,1,59496,47612,5008,40269,2,F,LE PEN,Marine,13275
49,1,83944,64649,5408,57503,1,M,MACRON,Emmanuel,44673
49,1,83944,64649,5408,57503,2,F,LE PEN,Marine,12830
49,2,90303,70705,6360,62455,1,M,MACRON,Emmanuel,48383
49,2,90303,70705,6360,62455,2,F,LE PEN,Marine,14072
49,3,70366,55182,4955,48568,1,M,MACRON,Emmanuel,29440
49,3,70366,55182,4955,48568,2,F,LE PEN,Marine,19128
49,4,74244,58966,5116,52126,1,M,MACRON,Emmanuel,34064
49,4,74244,58966,5116,52126,2,F,LE PEN,Marine,18062
49,5,77303,60309,4855,53770,1,M,MACRON,Emmanuel,41534
49,5,77303,60309,4855,53770,2,F,LE PEN,Marine,12236
49,6,95341,75914,6565,67127,1,M,MACRON,Emmanuel,49810
49,6,95341,75914,6565,67127,2,F,LE PEN,Marine,17317
49,7,77734,61942,5237,55049,1,M,MACRON,Emmanuel,40913
49,7,77734,61942,5237,55049,2,F,LE PEN,Marine,14136
50,1,87009,68388,5465,61141,1,M,MACRON,Emmanuel,40520
50,1,87009,68388,5465,61141,2,F,LE PEN,Marine,20621
50,2,95550,75602,6196,67120,1,M,MACRON,Emmanuel,46308
50,2,95550,75602,6196,67120,2,F,LE PEN,Marine,20812
50,3,107842,85201,7379,75526,1,M,MACRON,Emmanuel,49081
50,3,107842,85201,7379,75526,2,F,LE PEN,Marine,26445
50,4,88637,67044,6149,59003,1,M,MACRON,Emmanuel,40755
50,4,88637,67044,6149,59003,2,F,LE PEN,Marine,18248
51,1,72055,52744,4098,47293,1,M,MACRON,Emmanuel,29993
51,1,72055,52744,4098,47293,2,F,LE PEN,Marine,17300
51,2,73074,53983,4327,48184,1,M,MACRON,Emmanuel,31105
51,2,73074,53983,4327,48184,2,F,LE PEN,Marine,17079
51,3,80706,60230,5721,53117,1,M,MACRON,Emmanuel,28701
51,3,80706,60230,5721,53117,2,F,LE PEN,Marine,24416
51,4,78826,59044,4908,52265,1,M,MACRON,Emmanuel,29899
51,4,78826,59044,4908,52265,2,F,LE PEN,Marine,22366
51,5,76996,60506,5429,53208,1,M,MACRON,Emmanuel,25142
51,5,76996,60506,5429,53208,2,F,LE PEN,Marine,28066
52,1,72444,55502,5140,48382,1,M,MACRON,Emmanuel,27101
52,1,72444,55502,5140,48382,2,F,LE PEN,Marine,21281
52,2,61675,46536,3955,41141,1,M,MACRON,Emmanuel,18091
52,2,61675,46536,3955,41141,2,F,LE PEN,Marine,23050
53,1,72665,57039,4706,50588,1,M,MACRON,Emmanuel,37256
53,1,72665,57039,4706,50588,2,F,LE PEN,Marine,13332
53,2,77768,61984,5177,54939,1,M,MACRON,Emmanuel,39998
53,2,77768,61984,5177,54939,2,F,LE PEN,Marine,14941
53,3,71905,57080,4937,50246,1,M,MACRON,Emmanuel,34938
53,3,71905,57080,4937,50246,2,F,LE PEN,Marine,15308
54,1,79284,59644,4843,53405,1,M,MACRON,Emmanuel,38732
54,1,79284,59644,4843,53405,2,F,LE PEN,Marine,14673
54,2,68595,51371,4092,46144,1,M,MACRON,Emmanuel,35106
54,2,68595,51371,4092,46144,2,F,LE PEN,Marine,11038
54,3,82812,57956,5287,50963,1,M,MACRON,Emmanuel,30505
54,3,82812,57956,5287,50963,2,F,LE PEN,Marine,20458
54,4,98005,75253,6867,66266,1,M,MACRON,Emmanuel,34754
54,4,98005,75253,6867,66266,2,F,LE PEN,Marine,31512
54,5,78706,61470,5465,54270,1,M,MACRON,Emmanuel,28923
54,5,78706,61470,5465,54270,2,F,LE PEN,Marine,25347
54,6,87684,64533,5992,56604,1,M,MACRON,Emmanuel,30730
54,6,87684,64533,5992,56604,2,F,LE PEN,Marine,25874
55,1,77321,60248,5384,53062,1,M,MACRON,Emmanuel,27323
55,1,77321,60248,5384,53062,2,F,LE PEN,Marine,25739
55,2,60231,45826,4030,40508,1,M,MACRON,Emmanuel,20980
55,2,60231,45826,4030,40508,2,F,LE PEN,Marine,19528
56,1,105376,84661,7163,75556,1,M,MACRON,Emmanuel,58653
56,1,105376,84661,7163,75556,2,F,LE PEN,Marine,16903
56,2,104308,83655,7881,72917,1,M,MACRON,Emmanuel,52596
56,2,104308,83655,7881,72917,2,F,LE PEN,Marine,20321
56,3,90736,73856,6399,65047,1,M,MACRON,Emmanuel,43798
56,3,90736,73856,6399,65047,2,F,LE PEN,Marine,21249
56,4,105110,84776,7373,74938,1,M,MACRON,Emmanuel,49957
56,4,105110,84776,7373,74938,2,F,LE PEN,Marine,24981
56,5,80714,60855,5953,53569,1,M,MACRON,Emmanuel,40903
56,5,80714,60855,5953,53569,2,F,LE PEN,Marine,12666
56,6,90655,71867,6593,62643,1,M,MACRON,Emmanuel,43687
56,6,90655,71867,6593,62643,2,F,LE PEN,Marine,18956
57,1,91406,66324,5519,59296,1,M,MACRON,Emmanuel,36481
57,1,91406,66324,5519,59296,2,F,LE PEN,Marine,22815
57,2,76513,56332,4833,50321,1,M,MACRON,Emmanuel,32370
57,2,76513,56332,4833,50321,2,F,LE PEN,Marine,17951
57,3,75320,54622,4573,48878,1,M,MACRON,Emmanuel,32267
57,3,75320,54622,4573,48878,2,F,LE PEN,Marine,16611
57,4,81513,63288,5447,56198,1,M,MACRON,Emmanuel,27659
57,4,81513,63288,5447,56198,2,F,LE PEN,Marine,28539
57,5,74000,55637,4627,49639,1,M,MACRON,Emmanuel,25348
57,5,74000,55637,4627,49639,2,F,LE PEN,Marine,24291
57,6,70175,48498,3728,43710,1,M,MACRON,Emmanuel,22449
57,6,70175,48498,3728,43710,2,F,LE PEN,Marine,21261
57,7,90386,67091,5844,59681,1,M,MACRON,Emmanuel,29707
57,7,90386,67091,5844,59681,2,F,LE PEN,Marine,29974
57,8,92456,63447,5662,56342,1,M,MACRON,Emmanuel,32911
57,8,92456,63447,5662,56342,2,F,LE PEN,Marine,23431
57,9,99477,74275,6404,66249,1,M,MACRON,Emmanuel,43525
57,9,99477,74275,6404,66249,2,F,LE PEN,Marine,22724
58,1,76906,56889,6067,49098,1,M,MACRON,Emmanuel,30199
58,1,76906,56889,6067,49098,2,F,LE PEN,Marine,18899
58,2,82476,64323,6036,55570,1,M,MACRON,Emmanuel,32523
58,2,82476,64323,6036,55570,2,F,LE PEN,Marine,23047
59,1,61686,42673,2895,38654,1,M,MACRON,Emmanuel,29503
59,1,61686,42673,2895,38654,2,F,LE PEN,Marine,9151
59,2,86560,62548,4570,56295,1,M,MACRON,Emmanuel,40904
59,2,86560,62548,4570,56295,2,F,LE PEN,Marine,15391
59,3,94024,66644,5088,59436,1,M,MACRON,Emmanuel,27452
59,3,94024,66644,5088,59436,2,F,LE PEN,Marine,31984
59,4,99217,74216,5388,66882,1,M,MACRON,Emmanuel,48012
59,4,99217,74216,5388,66882,2,F,LE PEN,Marine,18870
59,5,99813,76981,6626,68157,1,M,MACRON,Emmanuel,39439
59,5,99813,76981,6626,68157,2,F,LE PEN,Marine,28718
59,6,89078,71287,5883,63346,1,M,MACRON,Emmanuel,41018
59,6,89078,71287,5883,63346,2,F,LE PEN,Marine,22328
59,7,72370,52800,4075,47413,1,M,MACRON,Emmanuel,32665
59,7,72370,52800,4075,47413,2,F,LE PEN,Marine,14748
59,8,67707,43706,2902,39790,1,M,MACRON,Emmanuel,25377
59,8,67707,43706,2902,39790,2,F,LE PEN,Marine,14413
59,9,91896,65478,4676,59289,1,M,MACRON,Emmanuel,45608
59,9,91896,65478,4676,59289,2,F,LE PEN,Marine,13681
59,10,81911,56170,4363,50342,1,M,MACRON,Emmanuel,30033
59,10,81911,56170,4363,50342,2,F,LE PEN,Marine,20309
59,11,92112,66243,4941,59271,1,M,MACRON,Emmanuel,38775
59,11,92112,66243,4941,59271,2,F,LE PEN,Marine,20496
59,12,93609,69589,5822,61415,1,M,MACRON,Emmanuel,27234
59,12,93609,69589,5822,61415,2,F,LE PEN,Marine,34181
59,13,89208,64385,6006,56392,1,M,MACRON,Emmanuel,28207
59,13,89208,64385,6006,56392,2,F,LE PEN,Marine,28185
59,14,98787,77718,6491,68536,1,M,MACRON,Emmanuel,34235
59,14,98787,77718,6491,68536,2,F,LE PEN,Marine,34301
59,15,95813,75694,5919,66547,1,M,MACRON,Emmanuel,35668
59,15,95813,75694,5919,66547,2,F,LE PEN,Marine,30879
59,16,82981,60244,5042,53113,1,M,MACRON,Emmanuel,23101
59,16,82981,60244,5042,53113,2,F,LE PEN,Marine,30012
59,17,73594,53900,4397,47700,1,M,MACRON,Emmanuel,23963
59,17,73594,53900,4397,47700,2,F,LE PEN,Marine,23737
59,18,91656,67987,5542,60144,1,M,MACRON,Emmanuel,26954
59,18,91656,67987,5542,60144,2,F,LE PEN,Marine,33190
59,19,79055,57506,4637,51035,1,M,MACRON,Emmanuel,21266
59,19,79055,57506,4637,51035,2,F,LE PEN,Marine,29769
59,20,81036,56946,4144,51011,1,M,MACRON,Emmanuel,22433
59,20,81036,56946,4144,51011,2,F,LE PEN,Marine,28578
59,21,82291,58756,4607,52472,1,M,MACRON,Emmanuel,27959
59,21,82291,58756,4607,52472,2,F,LE PEN,Marine,24513
60,1,82918,64122,5286,57055,1,M,MACRON,Emmanuel,27937
60,1,82918,64122,5286,57055,2,F,LE PEN,Marine,29118
60,2,88714,69206,5747,61544,1,M,MACRON,Emmanuel,29483
60,2,88714,69206,5747,61544,2,F,LE PEN,Marine,32061
60,3,73832,54305,4648,48234,1,M,MACRON,Emmanuel,27111
60,3,73832,54305,4648,48234,2,F,LE PEN,Marine,21123
60,4,92462,70508,6191,62664,1,M,MACRON,Emmanuel,37466
60,4,92462,70508,6191,62664,2,F,LE PEN,Marine,25198
60,5,72737,55216,4634,49109,1,M,MACRON,Emmanuel,26902
60,5,72737,55216,4634,49109,2,F,LE PEN,Marine,22207
60,6,75198,57535,5130,50894,1,M,MACRON,Emmanuel,27036
60,6,75198,57535,5130,50894,2,F,LE PEN,Marine,23858
60,7,76089,57359,5111,50558,1,M,MACRON,Emmanuel,26574
60,7,76089,57359,5111,50558,2,F,LE PEN,Marine,23984
61,1,69530,54540,4855,48128,1,M,MACRON,Emmanuel,31515
61,1,69530,54540,4855,48128,2,F,LE PEN,Marine,16613
61,2,67535,52618,4855,46333,1,M,MACRON,Emmanuel,25886
61,2,67535,52618,4855,46333,2,F,LE PEN,Marine,20447
61,3,71626,55956,5052,49093,1,M,MACRON,Emmanuel,31083
61,3,71626,55956,5052,49093,2,F,LE PEN,Marine,18010
62,1,104355,84223,6805,74473,1,M,MACRON,Emmanuel,34442
62,1,104355,84223,6805,74473,2,F,LE PEN,Marine,40031
62,2,85258,66323,5267,58534,1,M,MACRON,Emmanuel,36118
62,2,85258,66323,5267,58534,2,F,LE PEN,Marine,22416
62,3,85586,60301,4389,53751,1,M,MACRON,Emmanuel,22225
62,3,85586,60301,4389,53751,2,F,LE PEN,Marine,31526
62,4,88511,70280,5265,62673,1,M,MACRON,Emmanuel,35822
62,4,88511,70280,5265,62673,2,F,LE PEN,Marine,26851
62,5,89807,66752,5147,59429,1,M,MACRON,Emmanuel,32010
62,5,89807,66752,5147,59429,2,F,LE PEN,Marine,27419
62,6,91182,74589,5713,66110,1,M,MACRON,Emmanuel,31795
62,6,91182,74589,5713,66110,2,F,LE PEN,Marine,34315
62,7,93190,68526,5068,60851,1,M,MACRON,Emmanuel,27281
62,7,93190,68526,5068,60851,2,F,LE PEN,Marine,33570
62,8,92979,71418,5229,63404,1,M,MACRON,Emmanuel,31279
62,8,92979,71418,5229,63404,2,F,LE PEN,Marine,32125
62,9,79204,61164,4739,53976,1,M,MACRON,Emmanuel,27812
62,9,79204,61164,4739,53976,2,F,LE PEN,Marine,26164
62,10,90260,66026,5006,58459,1,M,MACRON,Emmanuel,23509
62,10,90260,66026,5006,58459,2,F,LE PEN,Marine,34950
62,11,94865,68497,4718,61173,1,M,MACRON,Emmanuel,25588
62,11,94865,68497,4718,61173,2,F,LE PEN,Marine,35585
62,12,95244,70123,5187,62507,1,M,MACRON,Emmanuel,24677
62,12,95244,70123,5187,62507,2,F,LE PEN,Marine,37830
63,1,83419,61161,5379,53910,1,M,MACRON,Emmanuel,40972
63,1,83419,61161,5379,53910,2,F,LE PEN,Marine,12938
63,2,87831,69403,7154,59189,1,M,MACRON,Emmanuel,40066
63,2,87831,69403,7154,59189,2,F,LE PEN,Marine,19123
63,3,89016,69044,6564,60262,1,M,MACRON,Emmanuel,47101
63,3,89016,69044,6564,60262,2,F,LE PEN,Marine,13161
63,4,98583,76827,7993,66054,1,M,MACRON,Emmanuel,47336
63,4,98583,76827,7993,66054,2,F,LE PEN,Marine,18718
63,5,102070,79450,7549,68177,1,M,MACRON,Emmanuel,43962
63,5,102070,79450,7549,68177,2,F,LE PEN,Marine,24215
64,1,68723,53236,4895,46596,1,M,MACRON,Emmanuel,35483
64,1,68723,53236,4895,46596,2,F,LE PEN,Marine,11113
64,2,80017,64304,5920,56127,1,M,MACRON,Emmanuel,41558
64,2,80017,64304,5920,56127,2,F,LE PEN,Marine,14569
64,3,82767,65474,6606,56119,1,M,MACRON,Emmanuel,39837
64,3,82767,65474,6606,56119,2,F,LE PEN,Marine,16282
64,4,80199,63176,6869,53545,1,M,MACRON,Emmanuel,39858
64,4,80199,63176,6869,53545,2,F,LE PEN,Marine,13687
64,5,90980,69977,6584,61015,1,M,MACRON,Emmanuel,46228
64,5,90980,69977,6584,61015,2,F,LE PEN,Marine,14787
64,6,99637,75823,7644,65592,1,M,MACRON,Emmanuel,50653
64,6,99637,75823,7644,65592,2,F,LE PEN,Marine,14939
65,1,88361,67606,7004,57720,1,M,MACRON,Emmanuel,40220
65,1,88361,67606,7004,57720,2,F,LE PEN,Marine,17500
65,2,89317,69410,7168,59299,1,M,MACRON,Emmanuel,39574
65,2,89317,69410,7168,59299,2,F,LE PEN,Marine,19725
66,1,70968,51725,4373,45355,1,M,MACRON,Emmanuel,25527
66,1,70968,51725,4373,45355,2,F,LE PEN,Marine,19828
66,2,96668,73528,6378,64268,1,M,MACRON,Emmanuel,30686
66,2,96668,73528,6378,64268,2,F,LE PEN,Marine,33582
66,3,83054,61865,5857,51014,1,M,MACRON,Emmanuel,28433
66,3,83054,61865,5857,51014,2,F,LE PEN,Marine,22581
66,4,97174,74035,6971,63881,1,M,MACRON,Emmanuel,33998
66,4,97174,74035,6971,63881,2,F,LE PEN,Marine,29883
67,1,60952,45357,2623,41912,1,M,MACRON,Emmanuel,35354
67,1,60952,45357,2623,41912,2,F,LE PEN,Marine,6558
67,2,69507,50855,3464,46350,1,M,MACRON,Emmanuel,35465
67,2,69507,50855,3464,46350,2,F,LE PEN,Marine,10885
67,3,68842,49909,3485,45322,1,M,MACRON,Emmanuel,33667
67,3,68842,49909,3485,45322,2,F,LE PEN,Marine,11655
67,4,94596,73292,5646,66097,1,M,MACRON,Emmanuel,44614
67,4,94596,73292,5646,66097,2,F,LE PEN,Marine,21483
67,5,104157,80009,6653,71135,1,M,MACRON,Emmanuel,40913
67,5,104157,80009,6653,71135,2,F,LE PEN,Marine,30222
67,6,96014,74029,6300,65861,1,M,MACRON,Emmanuel,38165
67,6,96014,74029,6300,65861,2,F,LE PEN,Marine,27696
67,7,85374,66382,5623,59046,1,M,MACRON,Emmanuel,31547
67,7,85374,66382,5623,59046,2,F,LE PEN,Marine,27499
67,8,94571,73053,5547,65562,1,M,MACRON,Emmanuel,34449
67,8,94571,73053,5547,65562,2,F,LE PEN,Marine,31113
67,9,92637,70515,5366,63444,1,M,MACRON,Emmanuel,36767
67,9,92637,70515,5366,63444,2,F,LE PEN,Marine,26677
68,1,76091,57175,4788,51011,1,M,MACRON,Emmanuel,30747
68,1,76091,57175,4788,51011,2,F,LE PEN,Marine,20264
68,2,92199,71604,6577,63179,1,M,MACRON,Emmanuel,37115
68,2,92199,71604,6577,63179,2,F,LE PEN,Marine,26064
68,3,85570,66147,6201,57902,1,M,MACRON,Emmanuel,32654
68,3,85570,66147,6201,57902,2,F,LE PEN,Marine,25248
68,4,102541,78690,7230,69386,1,M,MACRON,Emmanuel,35221
68,4,102541,78690,7230,69386,2,F,LE PEN,Marine,34165
68,5,77397,55760,5727,49437,1,M,MACRON,Emmanuel,33241
68,5,77397,55760,5727,49437,2,F,LE PEN,Marine,16196
68,6,92363,67985,6331,60283,1,M,MACRON,Emmanuel,34621
68,6,92363,67985,6331,60283,2,F,LE PEN,Marine,25662
69,1,69437,51854,3613,47117,1,M,MACRON,Emmanuel,38308
69,1,69437,51854,3613,47117,2,F,LE PEN,Marine,8809
69,2,74943,57262,4031,52077,1,M,MACRON,Emmanuel,45039
69,2,74943,57262,4031,52077,2,F,LE PEN,Marine,7038
69,3,72005,54582,3781,49725,1,M,MACRON,Emmanuel,41914
69,3,72005,54582,3781,49725,2,F,LE PEN,Marine,7811
69,4,80095,61257,4472,55592,1,M,MACRON,Emmanuel,46747
69,4,80095,61257,4472,55592,2,F,LE PEN,Marine,8845
69,5,88103,66734,5366,60065,1,M,MACRON,Emmanuel,45868
69,5,88103,66734,5366,60065,2,F,LE PEN,Marine,14197
69,6,82376,57808,4214,52487,1,M,MACRON,Emmanuel,41729
69,6,82376,57808,4214,52487,2,F,LE PEN,Marine,10758
69,7,67957,45759,3251,41465,1,M,MACRON,Emmanuel,30414
69,7,67957,45759,3251,41465,2,F,LE PEN,Marine,11051
69,8,102499,79409,7316,70209,1,M,MACRON,Emmanuel,46956
69,8,102499,79409,7316,70209,2,F,LE PEN,Marine,23253
69,9,91667,70723,6380,62717,1,M,MACRON,Emmanuel,39062
69,9,91667,70723,6380,62717,2,F,LE PEN,Marine,23655
69,10,95159,75339,6416,67426,1,M,MACRON,Emmanuel,47496
69,10,95159,75339,6416,67426,2,F,LE PEN,Marine,19930
69,11,92395,71200,6328,62628,1,M,MACRON,Emmanuel,40157
69,11,92395,71200,6328,62628,2,F,LE PEN,Marine,22471
69,12,79778,61018,4923,54746,1,M,MACRON,Emmanuel,41747
69,12,79778,61018,4923,54746,2,F,LE PEN,Marine,12999
69,13,84769,63392,5135,56944,1,M,MACRON,Emmanuel,36176
69,13,84769,63392,5135,56944,2,F,LE PEN,Marine,20768
69,14,74323,49321,3840,44134,1,M,MACRON,Emmanuel,30402
69,14,74323,49321,3840,44134,2,F,LE PEN,Marine,13732
70,1,88478,70298,5841,61065,1,M,MACRON,Emmanuel,32696
70,1,88478,70298,5841,61065,2,F,LE PEN,Marine,28369
70,2,90709,71602,5825,61817,1,M,MACRON,Emmanuel,30845
70,2,90709,71602,5825,61817,2,F,LE PEN,Marine,30972
71,1,72857,56022,5384,49154,1,M,MACRON,Emmanuel,33207
71,1,72857,56022,5384,49154,2,F,LE PEN,Marine,15947
71,2,78392,61386,6074,53136,1,M,MACRON,Emmanuel,32669
71,2,78392,61386,6074,53136,2,F,LE PEN,Marine,20467
71,3,82761,64055,6184,55469,1,M,MACRON,Emmanuel,33324
71,3,82761,64055,6184,55469,2,F,LE PEN,Marine,22145
71,4,82290,63560,6073,55377,1,M,MACRON,Emmanuel,31207
71,4,82290,63560,6073,55377,2,F,LE PEN,Marine,24170
71,5,90011,66652,6429,57734,1,M,MACRON,Emmanuel,36538
71,5,90011,66652,6429,57734,2,F,LE PEN,Marine,21196
72,1,71779,55729,6216,48371,1,M,MACRON,Emmanuel,33008
72,1,71779,55729,6216,48371,2,F,LE PEN,Marine,15363
72,2,81978,61483,6872,53240,1,M,MACRON,Emmanuel,34473
72,2,81978,61483,6872,53240,2,F,LE PEN,Marine,18767
72,3,85274,66213,6668,57088,1,M,MACRON,Emmanuel,32863
72,3,85274,66213,6668,57088,2,F,LE PEN,Marine,24225
72,4,79637,60793,6862,51947,1,M,MACRON,Emmanuel,33092
72,4,79637,60793,6862,51947,2,F,LE PEN,Marine,18855
72,5,86955,66906,6940,58030,1,M,MACRON,Emmanuel,36717
72,5,86955,66906,6940,58030,2,F,LE PEN,Marine,21313
73,1,86980,67847,6350,59607,1,M,MACRON,Emmanuel,38410
73,1,86980,67847,6350,59607,2,F,LE PEN,Marine,21197
73,2,75929,56569,5607,49514,1,M,MACRON,Emmanuel,31126
73,2,75929,56569,5607,49514,2,F,LE PEN,Marine,18388
73,3,72614,56739,5315,49449,1,M,MACRON,Emmanuel,30278
73,3,72614,56739,5315,49449,2,F,LE PEN,Marine,19171
73,4,74656,56733,5052,50146,1,M,MACRON,Emmanuel,35304
73,4,74656,56733,5052,50146,2,F,LE PEN,Marine,14842
74,1,100498,79663,7005,70812,1,M,MACRON,Emmanuel,50164
74,1,100498,79663,7005,70812,2,F,LE PEN,Marine,20648
74,2,94995,73831,6529,65571,1,M,MACRON,Emmanuel,47681
74,2,94995,73831,6529,65571,2,F,LE PEN,Marine,17890
74,3,82020,63985,6126,56277,1,M,MACRON,Emmanuel,35713
74,3,82020,63985,6126,56277,2,F,LE PEN,Marine,20564
74,4,85824,62550,5440,55698,1,M,MACRON,Emmanuel,38692
74,4,85824,62550,5440,55698,2,F,LE PEN,Marine,17006
74,5,95810,72159,6558,63467,1,M,MACRON,Emmanuel,42949
74,5,95810,72159,6558,63467,2,F,LE PEN,Marine,20518
74,6,78860,58183,5692,51119,1,M,MACRON,Emmanuel,33999
74,6,78860,58183,5692,51119,2,F,LE PEN,Marine,17120
75,1,80749,65081,3218,61031,1,M,MACRON,Emmanuel,55424
75,1,80749,65081,3218,61031,2,F,LE PEN,Marine,5607
75,2,71725,58271,3337,53943,1,M,MACRON,Emmanuel,48371
75,2,71725,58271,3337,53943,2,F,LE PEN,Marine,5572
75,3,68661,53753,2925,50005,1,M,MACRON,Emmanuel,44933
75,3,68661,53753,2925,50005,2,F,LE PEN,Marine,5072
75,4,69696,54626,3172,50565,1,M,MACRON,Emmanuel,44667
75,4,69696,54626,3172,50565,2,F,LE PEN,Marine,5898
75,5,75857,60731,2843,57110,1,M,MACRON,Emmanuel,52983
75,5,75857,60731,2843,57110,2,F,LE PEN,Marine,4127
75,6,76595,59951,3200,55762,1,M,MACRON,Emmanuel,51375
75,6,76595,59951,3200,55762,2,F,LE PEN,Marine,4387
75,7,76035,61502,2955,57686,1,M,MACRON,Emmanuel,53151
75,7,76035,61502,2955,57686,2,F,LE PEN,Marine,4535
75,8,82129,64358,3879,59326,1,M,MACRON,Emmanuel,52534
75,8,82129,64358,3879,59326,2,F,LE PEN,Marine,6792
75,9,68335,53130,3356,48680,1,M,MACRON,Emmanuel,42679
75,9,68335,53130,3356,48680,2,F,LE PEN,Marine,6001
75,10,67298,52294,3167,48146,1,M,MACRON,Emmanuel,42179
75,10,67298,52294,3167,48146,2,F,LE PEN,Marine,5967
75,11,70971,57679,3118,53652,1,M,MACRON,Emmanuel,48699
75,11,70971,57679,3118,53652,2,F,LE PEN,Marine,4953
75,12,73928,59362,3657,54686,1,M,MACRON,Emmanuel,48030
75,12,73928,59362,3657,54686,2,F,LE PEN,Marine,6656
75,13,75334,59321,3896,54422,1,M,MACRON,Emmanuel,47424
75,13,75334,59321,3896,54422,2,F,LE PEN,Marine,6998
75,14,72310,56520,3568,51903,1,M,MACRON,Emmanuel,45235
75,14,72310,56520,3568,51903,2,F,LE PEN,Marine,6668
75,15,76201,57574,3399,53136,1,M,MACRON,Emmanuel,47540
75,15,76201,57574,3399,53136,2,F,LE PEN,Marine,5596
75,16,70313,52462,2949,48616,1,M,MACRON,Emmanuel,43959
75,16,70313,52462,2949,48616,2,F,LE PEN,Marine,4657
75,17,58156,42145,2438,39008,1,M,MACRON,Emmanuel,34951
75,17,58156,42145,2438,39008,2,F,LE PEN,Marine,4057
75,18,67244,52879,2791,49350,1,M,MACRON,Emmanuel,45123
75,18,67244,52879,2791,49350,2,F,LE PEN,Marine,4227
76,1,64735,48164,3811,43300,1,M,MACRON,Emmanuel,34577
76,1,64735,48164,3811,43300,2,F,LE PEN,Marine,8723
76,2,94780,75067,6732,66557,1,M,MACRON,Emmanuel,44124
76,2,94780,75067,6732,66557,2,F,LE PEN,Marine,22433
76,3,69440,50531,4699,44301,1,M,MACRON,Emmanuel,30010
76,3,69440,50531,4699,44301,2,F,LE PEN,Marine,14291
76,4,88350,65050,6163,56726,1,M,MACRON,Emmanuel,34327
76,4,88350,65050,6163,56726,2,F,LE PEN,Marine,22399
76,5,96251,74505,6961,65516,1,M,MACRON,Emmanuel,36980
76,5,96251,74505,6961,65516,2,F,LE PEN,Marine,28536
76,6,109597,85454,7705,75298,1,M,MACRON,Emmanuel,37955
76,6,109597,85454,7705,75298,2,F,LE PEN,Marine,37343
76,7,87582,64156,7436,56068,1,M,MACRON,Emmanuel,38517
76,7,87582,64156,7436,56068,2,F,LE PEN,Marine,17551
76,8,67637,44642,5717,38574,1,M,MACRON,Emmanuel,23333
76,8,67637,44642,5717,38574,2,F,LE PEN,Marine,15241
76,9,93640,74065,7349,64529,1,M,MACRON,Emmanuel,34424
76,9,93640,74065,7349,64529,2,F,LE PEN,Marine,30105
76,10,108744,87729,7946,77429,1,M,MACRON,Emmanuel,41194
76,10,108744,87729,7946,77429,2,F,LE PEN,Marine,36235
77,1,70887,50237,4462,44575,1,M,MACRON,Emmanuel,30131
77,1,70887,50237,4462,44575,2,F,LE PEN,Marine,14444
77,2,79678,60058,5640,52929,1,M,MACRON,Emmanuel,34023
77,2,79678,60058,5640,52929,2,F,LE PEN,Marine,18906
77,3,75397,57190,5612,50290,1,M,MACRON,Emmanuel,29704
77,3,75397,57190,5612,50290,2,F,LE PEN,Marine,20586
77,4,87906,66755,6122,58748,1,M,MACRON,Emmanuel,29141
77,4,87906,66755,6122,58748,2,F,LE PEN,Marine,29607
77,5,84790,63685,5621,56370,1,M,MACRON,Emmanuel,33041
77,5,84790,63685,5621,56370,2,F,LE PEN,Marine,23329
77,6,78032,57855,5145,51313,1,M,MACRON,Emmanuel,29823
77,6,78032,57855,5145,51313,2,F,LE PEN,Marine,21490
77,7,85311,63464,5678,56265,1,M,MACRON,Emmanuel,35224
77,7,85311,63464,5678,56265,2,F,LE PEN,Marine,21041
77,8,89123,66480,5314,59780,1,M,MACRON,Emmanuel,43844
77,8,89123,66480,5314,59780,2,F,LE PEN,Marine,15936
77,9,85679,62528,5429,55634,1,M,MACRON,Emmanuel,36694
77,9,85679,62528,5429,55634,2,F,LE PEN,Marine,18940
77,10,79341,57276,4589,51327,1,M,MACRON,Emmanuel,38567
77,10,79341,57276,4589,51327,2,F,LE PEN,Marine,12760
77,11,64796,47403,4926,41752,1,M,MACRON,Emmanuel,29570
77,11,64796,47403,4926,41752,2,F,LE PEN,Marine,12182
78,1,83367,64388,5158,57934,1,M,MACRON,Emmanuel,46694
78,1,83367,64388,5158,57934,2,F,LE PEN,Marine,11240
78,2,85328,67759,5197,61239,1,M,MACRON,Emmanuel,48776
78,2,85328,67759,5197,61239,2,F,LE PEN,Marine,12463
78,3,83216,64546,5109,58227,1,M,MACRON,Emmanuel,47260
78,3,83216,64546,5109,58227,2,F,LE PEN,Marine,10967
78,4,78395,61391,4356,55958,1,M,MACRON,Emmanuel,46614
78,4,78395,61391,4356,55958,2,F,LE PEN,Marine,9344
78,5,73674,55712,4109,50565,1,M,MACRON,Emmanuel,41316
78,5,73674,55712,4109,50565,2,F,LE PEN,Marine,9249
78,6,75749,56356,4162,51055,1,M,MACRON,Emmanuel,41179
78,6,75749,56356,4162,51055,2,F,LE PEN,Marine,9876
78,7,80524,60345,4825,54213,1,M,MACRON,Emmanuel,40249
78,7,80524,60345,4825,54213,2,F,LE PEN,Marine,13964
78,8,73758,52805,4222,47119,1,M,MACRON,Emmanuel,31774
78,8,73758,52805,4222,47119,2,F,LE PEN,Marine,15345
78,9,90858,69312,6198,61519,1,M,MACRON,Emmanuel,40839
78,9,90858,69312,6198,61519,2,F,LE PEN,Marine,20680
78,10,88783,70399,6193,62686,1,M,MACRON,Emmanuel,46517
78,10,88783,70399,6193,62686,2,F,LE PEN,Marine,16169
78,11,68218,49716,3659,44773,1,M,MACRON,Emmanuel,35412
78,11,68218,49716,3659,44773,2,F,LE PEN,Marine,9361
78,12,68951,52915,4339,47511,1,M,MACRON,Emmanuel,37031
78,12,68951,52915,4339,47511,2,F,LE PEN,Marine,10480
79,1,90249,70612,5896,62724,1,M,MACRON,Emmanuel,48532
79,1,90249,70612,5896,62724,2,F,LE PEN,Marine,14192
79,2,97388,77354,6816,68018,1,M,MACRON,Emmanuel,46797
79,2,97388,77354,6816,68018,2,F,LE PEN,Marine,21221
79,3,84750,66836,5491,59124,1,M,MACRON,Emmanuel,40498
79,3,84750,66836,5491,59124,2,F,LE PEN,Marine,18626
80,1,84248,62908,4856,56008,1,M,MACRON,Emmanuel,32225
80,1,84248,62908,4856,56008,2,F,LE PEN,Marine,23783
80,2,75477,57127,4391,51263,1,M,MACRON,Emmanuel,36624
80,2,75477,57127,4391,51263,2,F,LE PEN,Marine,14639
80,3,83814,67188,5884,59022,1,M,MACRON,Emmanuel,28524
80,3,83814,67188,5884,59022,2,F,LE PEN,Marine,30498
80,4,83948,67531,5779,59801,1,M,MACRON,Emmanuel,30450
80,4,83948,67531,5779,59801,2,F,LE PEN,Marine,29351
80,5,81470,63615,5068,56697,1,M,MACRON,Emmanuel,25503
80,5,81470,63615,5068,56697,2,F,LE PEN,Marine,31194
81,1,83781,66030,5933,57060,1,M,MACRON,Emmanuel,37051
81,1,83781,66030,5933,57060,2,F,LE PEN,Marine,20009
81,2,106023,82934,7523,71354,1,M,MACRON,Emmanuel,46035
81,2,106023,82934,7523,71354,2,F,LE PEN,Marine,25319
81,3,101349,79925,7432,69033,1,M,MACRON,Emmanuel,42505
81,3,101349,79925,7432,69033,2,F,LE PEN,Marine,26528
82,1,89954,70424,6384,61233,1,M,MACRON,Emmanuel,37270
82,1,89954,70424,6384,61233,2,F,LE PEN,Marine,23963
82,2,93375,73383,6309,63921,1,M,MACRON,Emmanuel,34718
82,2,93375,73383,6309,63921,2,F,LE PEN,Marine,29203
83,1,74827,51979,4605,46147,1,M,MACRON,Emmanuel,26432
83,1,74827,51979,4605,46147,2,F,LE PEN,Marine,19715
83,2,90504,66668,6103,59028,1,M,MACRON,Emmanuel,30174
83,2,90504,66668,6103,59028,2,F,LE PEN,Marine,28854
83,3,100800,76349,7012,67283,1,M,MACRON,Emmanuel,35846
83,3,100800,76349,7012,67283,2,F,LE PEN,Marine,31437
83,4,106238,79821,7096,70500,1,M,MACRON,Emmanuel,34063
83,4,106238,79821,7096,70500,2,F,LE PEN,Marine,36437
83,5,96241,72437,5980,64559,1,M,MACRON,Emmanuel,32398
83,5,96241,72437,5980,64559,2,F,LE PEN,Marine,32161
83,6,118266,89930,7872,79709,1,M,MACRON,Emmanuel,38274
83,6,118266,89930,7872,79709,2,F,LE PEN,Marine,41435
83,7,103516,75420,6962,66724,1,M,MACRON,Emmanuel,35370
83,7,103516,75420,6962,66724,2,F,LE PEN,Marine,31354
83,8,104273,80038,7249,70543,1,M,MACRON,Emmanuel,34167
83,8,104273,80038,7249,70543,2,F,LE PEN,Marine,36376
84,1,72964,52704,4319,46911,1,M,MACRON,Emmanuel,29459
84,1,72964,52704,4319,46911,2,F,LE PEN,Marine,17452
84,2,83252,64620,5466,57427,1,M,MACRON,Emmanuel,30831
84,2,83252,64620,5466,57427,2,F,LE PEN,Marine,26596
84,3,75546,58401,5107,51609,1,M,MACRON,Emmanuel,24289
84,3,75546,58401,5107,51609,2,F,LE PEN,Marine,27320
84,4,88691,69130,6264,61204,1,M,MACRON,Emmanuel,30024
84,4,88691,69130,6264,61204,2,F,LE PEN,Marine,31180
84,5,81854,63344,5715,55927,1,M,MACRON,Emmanuel,31362
84,5,81854,63344,5715,55927,2,F,LE PEN,Marine,24565
85,1,109554,87431,6609,77899,1,M,MACRON,Emmanuel,55825
85,1,109554,87431,6609,77899,2,F,LE PEN,Marine,22074
85,2,103484,83033,6830,73333,1,M,MACRON,Emmanuel,51104
85,2,103484,83033,6830,73333,2,F,LE PEN,Marine,22229
85,3,122117,95730,8273,83011,1,M,MACRON,Emmanuel,54915
85,3,122117,95730,8273,83011,2,F,LE PEN,Marine,28096
85,4,97825,80321,6466,71615,1,M,MACRON,Emmanuel,54679
85,4,97825,80321,6466,71615,2,F,LE PEN,Marine,16936
85,5,81445,64762,5561,57091,1,M,MACRON,Emmanuel,37391
85,5,81445,64762,5561,57091,2,F,LE PEN,Marine,19700
86,1,79611,61725,5446,54279,1,M,MACRON,Emmanuel,39875
86,1,79611,61725,5446,54279,2,F,LE PEN,Marine,14404
86,2,77555,61037,5182,53903,1,M,MACRON,Emmanuel,41807
86,2,77555,61037,5182,53903,2,F,LE PEN,Marine,12096
86,3,74076,58462,5297,50786,1,M,MACRON,Emmanuel,32416
86,3,74076,58462,5297,50786,2,F,LE PEN,Marine,18370
86,4,75735,57042,4933,49999,1,M,MACRON,Emmanuel,29614
86,4,75735,57042,4933,49999,2,F,LE PEN,Marine,20385
87,1,85064,65858,6350,56098,1,M,MACRON,Emmanuel,40540
87,1,85064,65858,6350,56098,2,F,LE PEN,Marine,15558
87,2,97846,78005,7390,66292,1,M,MACRON,Emmanuel,46559
87,2,97846,78005,7390,66292,2,F,LE PEN,Marine,19733
87,3,83399,65154,6218,55791,1,M,MACRON,Emmanuel,39319
87,3,83399,65154,6218,55791,2,F,LE PEN,Marine,16472
88,1,77046,58885,4907,51982,1,M,MACRON,Emmanuel,30498
88,1,77046,58885,4907,51982,2,F,LE PEN,Marine,21484
88,2,73262,56245,4750,49364,1,M,MACRON,Emmanuel,25312
88,2,73262,56245,4750,49364,2,F,LE PEN,Marine,24052
88,3,65631,51615,4876,44886,1,M,MACRON,Emmanuel,26547
88,3,65631,51615,4876,44886,2,F,LE PEN,Marine,18339
88,4,66593,52508,4682,45738,1,M,MACRON,Emmanuel,23719
88,4,66593,52508,4682,45738,2,F,LE PEN,Marine,22019
89,1,76992,59718,5484,51498,1,M,MACRON,Emmanuel,30901
89,1,76992,59718,5484,51498,2,F,LE PEN,Marine,20597
89,2,75740,58340,5239,51072,1,M,MACRON,Emmanuel,27641
89,2,75740,58340,5239,51072,2,F,LE PEN,Marine,23431
89,3,89159,66844,6090,59020,1,M,MACRON,Emmanuel,30397
89,3,89159,66844,6090,59020,2,F,LE PEN,Marine,28623
90,1,47789,36168,3338,31473,1,M,MACRON,Emmanuel,17683
90,1,47789,36168,3338,31473,2,F,LE PEN,Marine,13790
90,2,47469,35911,3439,31000,1,M,MACRON,Emmanuel,18662
90,2,47469,35911,3439,31000,2,F,LE PEN,Marine,12338
91,1,71172,49172,3990,43856,1,M,MACRON,Emmanuel,32786
91,1,71172,49172,3990,43856,2,F,LE PEN,Marine,11070
91,2,90692,68917,6337,60525,1,M,MACRON,Emmanuel,36835
91,2,90692,68917,6337,60525,2,F,LE PEN,Marine,23690
91,3,95791,73888,6821,65076,1,M,MACRON,Emmanuel,43996
91,3,95791,73888,6821,65076,2,F,LE PEN,Marine,21080
91,4,96451,75482,6562,67061,1,M,MACRON,Emmanuel,48206
91,4,96451,75482,6562,67061,2,F,LE PEN,Marine,18855
91,5,68263,53884,3880,48958,1,M,MACRON,Emmanuel,41707
91,5,68263,53884,3880,48958,2,F,LE PEN,Marine,7251
91,6,81927,61379,4607,55428,1,M,MACRON,Emmanuel,43692
91,6,81927,61379,4607,55428,2,F,LE PEN,Marine,11736
91,7,74156,53456,4300,47724,1,M,MACRON,Emmanuel,34116
91,7,74156,53456,4300,47724,2,F,LE PEN,Marine,13608
91,8,76383,56915,5147,50336,1,M,MACRON,Emmanuel,35861
91,8,76383,56915,5147,50336,2,F,LE PEN,Marine,14475
91,9,79221,58915,5096,52324,1,M,MACRON,Emmanuel,37442
91,9,79221,58915,5096,52324,2,F,LE PEN,Marine,14882
91,10,61179,43786,3607,38871,1,M,MACRON,Emmanuel,28009
91,10,61179,43786,3607,38871,2,F,LE PEN,Marine,10862
92,1,62385,43263,3785,38861,1,M,MACRON,Emmanuel,31912
92,1,62385,43263,3785,38861,2,F,LE PEN,Marine,6949
92,2,67892,52773,3717,48416,1,M,MACRON,Emmanuel,42114
92,2,67892,52773,3717,48416,2,F,LE PEN,Marine,6302
92,3,81026,62540,5267,57019,1,M,MACRON,Emmanuel,49116
92,3,81026,62540,5267,57019,2,F,LE PEN,Marine,7903
92,4,76067,56820,4444,51738,1,M,MACRON,Emmanuel,43523
92,4,76067,56820,4444,51738,2,F,LE PEN,Marine,8215
92,5,70305,54654,3343,50133,1,M,MACRON,Emmanuel,43218
92,5,70305,54654,3343,50133,2,F,LE PEN,Marine,6915
92,6,74227,59402,4112,54335,1,M,MACRON,Emmanuel,46693
92,6,74227,59402,4112,54335,2,F,LE PEN,Marine,7642
92,7,86572,67803,4693,62038,1,M,MACRON,Emmanuel,52992
92,7,86572,67803,4693,62038,2,F,LE PEN,Marine,9046
92,8,68719,54550,4180,49813,1,M,MACRON,Emmanuel,42906
92,8,68719,54550,4180,49813,2,F,LE PEN,Marine,6907
92,9,64963,50787,4118,46669,1,M,MACRON,Emmanuel,41445
92,9,64963,50787,4118,46669,2,F,LE PEN,Marine,5224
92,10,80364,61157,4998,55821,1,M,MACRON,Emmanuel,48781
92,10,80364,61157,4998,55821,2,F,LE PEN,Marine,7040
92,11,69215,52459,3608,47721,1,M,MACRON,Emmanuel,40711
92,11,69215,52459,3608,47721,2,F,LE PEN,Marine,7010
92,12,92767,71131,4991,64632,1,M,MACRON,Emmanuel,53454
92,12,92767,71131,4991,64632,2,F,LE PEN,Marine,11178
92,13,89020,69337,6103,62799,1,M,MACRON,Emmanuel,54098
92,13,89020,69337,6103,62799,2,F,LE PEN,Marine,8701
93,1,61771,39754,2410,36206,1,M,MACRON,Emmanuel,30477
93,1,61771,39754,2410,36206,2,F,LE PEN,Marine,5729
93,2,54064,33676,2321,30607,1,M,MACRON,Emmanuel,25273
93,2,54064,33676,2321,30607,2,F,LE PEN,Marine,5334
93,3,72249,53219,3960,48016,1,M,MACRON,Emmanuel,37107
93,3,72249,53219,3960,48016,2,F,LE PEN,Marine,10909
93,4,60822,39633,3191,35776,1,M,MACRON,Emmanuel,27591
93,4,60822,39633,3191,35776,2,F,LE PEN,Marine,8185
93,5,63732,41210,3108,37090,1,M,MACRON,Emmanuel,27911
93,5,63732,41210,3108,37090,2,F,LE PEN,Marine,9179
93,6,52531,34909,2315,31790,1,M,MACRON,Emmanuel,26744
93,6,52531,34909,2315,31790,2,F,LE PEN,Marine,5046
93,7,76005,52064,4086,47097,1,M,MACRON,Emmanuel,40572
93,7,76005,52064,4086,47097,2,F,LE PEN,Marine,6525
93,8,60068,43325,3931,38751,1,M,MACRON,Emmanuel,29033
93,8,60068,43325,3931,38751,2,F,LE PEN,Marine,9718
93,9,70119,48386,3385,43871,1,M,MACRON,Emmanuel,36043
93,9,70119,48386,3385,43871,2,F,LE PEN,Marine,7828
93,10,68558,45898,3413,40401,1,M,MACRON,Emmanuel,31101
93,10,68558,45898,3413,40401,2,F,LE PEN,Marine,9300
93,11,62538,41291,3140,37046,1,M,MACRON,Emmanuel,27883
93,11,62538,41291,3140,37046,2,F,LE PEN,Marine,9163
93,12,64520,44399,3385,39997,1,M,MACRON,Emmanuel,28088
93,12,64520,44399,3385,39997,2,F,LE PEN,Marine,11909
94,1,84578,64360,4754,58213,1,M,MACRON,Emmanuel,47460
94,1,84578,64360,4754,58213,2,F,LE PEN,Marine,10753
94,2,63326,45903,3317,41455,1,M,MACRON,Emmanuel,33269
94,2,63326,45903,3317,41455,2,F,LE PEN,Marine,8186
94,3,72046,52140,4666,46239,1,M,MACRON,Emmanuel,32861
94,3,72046,52140,4666,46239,2,F,LE PEN,Marine,13378
94,4,72428,54620,4452,48999,1,M,MACRON,Emmanuel,36689
94,4,72428,54620,4452,48999,2,F,LE PEN,Marine,12310
94,5,89368,64793,5110,58576,1,M,MACRON,Emmanuel,47656
94,5,89368,64793,5110,58576,2,F,LE PEN,Marine,10920
94,6,81215,62475,3978,57312,1,M,MACRON,Emmanuel,49913
94,6,81215,62475,3978,57312,2,F,LE PEN,Marine,7399
94,7,65521,47423,3590,42710,1,M,MACRON,Emmanuel,33995
94,7,65521,47423,3590,42710,2,F,LE PEN,Marine,8715
94,8,76703,58817,4327,53217,1,M,MACRON,Emmanuel,43307
94,8,76703,58817,4327,53217,2,F,LE PEN,Marine,9910
94,9,53592,37340,2835,33630,1,M,MACRON,Emmanuel,26490
94,9,53592,37340,2835,33630,2,F,LE PEN,Marine,7140
94,10,64416,46301,3389,41710,1,M,MACRON,Emmanuel,34485
94,10,64416,46301,3389,41710,2,F,LE PEN,Marine,7225
94,11,62393,43959,3359,39757,1,M,MACRON,Emmanuel,33020
94,11,62393,43959,3359,39757,2,F,LE PEN,Marine,6737
95,1,81510,61982,5651,54863,1,M,MACRON,Emmanuel,35505
95,1,81510,61982,5651,54863,2,F,LE PEN,Marine,19358
95,2,76415,57329,5283,50635,1,M,MACRON,Emmanuel,35223
95,2,76415,57329,5283,50635,2,F,LE PEN,Marine,15412
95,3,91560,67872,5729,60660,1,M,MACRON,Emmanuel,43667
95,3,91560,67872,5729,60660,2,F,LE PEN,Marine,16993
95,4,76016,55460,4584,49666,1,M,MACRON,Emmanuel,37534
95,4,76016,55460,4584,49666,2,F,LE PEN,Marine,12132
95,5,68518,47271,3517,42778,1,M,MACRON,Emmanuel,32902
95,5,68518,47271,3517,42778,2,F,LE PEN,Marine,9876
95,6,76337,54653,4227,49346,1,M,MACRON,Emmanuel,38546
95,6,76337,54653,4227,49346,2,F,LE PEN,Marine,10800
95,7,69476,49979,3891,44936,1,M,MACRON,Emmanuel,33454
95,7,69476,49979,3891,44936,2,F,LE PEN,Marine,11482
95,8,54211,35441,2180,32440,1,M,MACRON,Emmanuel,24336
95,8,54211,35441,2180,32440,2,F,LE PEN,Marine,8104
95,9,69891,48337,3857,43234,1,M,MACRON,Emmanuel,27894
95,9,69891,48337,3857,43234,2,F,LE PEN,Marine,15340
95,10,66401,47809,4014,42978,1,M,MACRON,Emmanuel,32957
95,10,66401,47809,4014,42978,2,F,LE PEN,Marine,10021
ZA,1,76282,37434,2587,32057,1,M,MACRON,Emmanuel,24382
ZA,1,76282,37434,2587,32057,2,F,LE PEN,Marine,7675
ZA,2,86908,42453,2659,36804,1,M,MACRON,Emmanuel,27031
ZA,2,86908,42453,2659,36804,2,F,LE PEN,Marine,9773
ZA,3,83570,42005,2917,36265,1,M,MACRON,Emmanuel,27521
ZA,3,83570,42005,2917,36265,2,F,LE PEN,Marine,8744
ZA,4,69302,33718,2158,28819,1,M,MACRON,Emmanuel,21701
ZA,4,69302,33718,2158,28819,2,F,LE PEN,Marine,7118
ZB,1,79404,41058,3412,35178,1,M,MACRON,Emmanuel,26407
ZB,1,79404,41058,3412,35178,2,F,LE PEN,Marine,8771
ZB,2,81685,43085,3314,37375,1,M,MACRON,Emmanuel,28772
ZB,2,81685,43085,3314,37375,2,F,LE PEN,Marine,8603
ZB,3,65885,31457,2802,26993,1,M,MACRON,Emmanuel,21519
ZB,3,65885,31457,2802,26993,2,F,LE PEN,Marine,5474
ZB,4,83699,40534,3188,34956,1,M,MACRON,Emmanuel,27609
ZB,4,83699,40534,3188,34956,2,F,LE PEN,Marine,7347
ZC,1,53498,23844,2426,20422,1,M,MACRON,Emmanuel,13048
ZC,1,53498,23844,2426,20422,2,F,LE PEN,Marine,7374
ZC,2,39103,14841,1144,13124,1,M,MACRON,Emmanuel,8721
ZC,2,39103,14841,1144,13124,2,F,LE PEN,Marine,4403
ZD,1,80366,51016,3113,45693,1,M,MACRON,Emmanuel,30564
ZD,1,80366,51016,3113,45693,2,F,LE PEN,Marine,15129
ZD,2,92674,56427,4063,48964,1,M,MACRON,Emmanuel,32434
ZD,2,92674,56427,4063,48964,2,F,LE PEN,Marine,16530
ZD,3,92588,60130,4463,51416,1,M,MACRON,Emmanuel,25558
ZD,3,92588,60130,4463,51416,2,F,LE PEN,Marine,25858
ZD,4,104775,68655,4602,59493,1,M,MACRON,Emmanuel,35533
ZD,4,104775,68655,4602,59493,2,F,LE PEN,Marine,23960
ZD,5,83041,49276,2543,43939,1,M,MACRON,Emmanuel,24347
ZD,5,83041,49276,2543,43939,2,F,LE PEN,Marine,19592
ZD,6,75685,46045,2866,40883,1,M,MACRON,Emmanuel,23477
ZD,6,75685,46045,2866,40883,2,F,LE PEN,Marine,17406
ZD,7,110262,70701,4735,61610,1,M,MACRON,Emmanuel,40168
ZD,7,110262,70701,4735,61610,2,F,LE PEN,Marine,21442
ZM,1,37816,17257,629,15609,1,M,MACRON,Emmanuel,9753
ZM,1,37816,17257,629,15609,2,F,LE PEN,Marine,5856
ZM,2,44666,20466,813,17905,1,M,MACRON,Emmanuel,9387
ZM,2,44666,20466,813,17905,2,F,LE PEN,Marine,8518
ZN,1,84940,43327,3381,39004,1,M,MACRON,Emmanuel,20733
ZN,1,84940,43327,3381,39004,2,F,LE PEN,Marine,18271
ZN,2,104428,56671,3154,52115,1,M,MACRON,Emmanuel,27169
ZN,2,104428,56671,3154,52115,2,F,LE PEN,Marine,24946
ZP,1,72524,35862,1230,33726,1,M,MACRON,Emmanuel,19274
ZP,1,72524,35862,1230,33726,2,F,LE PEN,Marine,14452
ZP,2,66656,30090,842,28374,1,M,MACRON,Emmanuel,16637
ZP,2,66656,30090,842,28374,2,F,LE PEN,Marine,11737
ZP,3,64793,29691,1201,27597,1,M,MACRON,Emmanuel,16467
ZP,3,64793,29691,1201,27597,2,F,LE PEN,Marine,11130
ZS,1,4963,2779,306,2318,1,M,MACRON,Emmanuel,1467
ZS,1,4963,2779,306,2318,2,F,LE PEN,Marine,851
ZW,1,8464,6095,76,5958,1,M,MACRON,Emmanuel,4715
ZW,1,8464,6095,76,5958,2,F,LE PEN,Marine,1243
ZX,1,25445,8993,638,8122,1,M,MACRON,Emmanuel,5282
ZX,1,25445,8993,638,8122,2,F,LE PEN,Marine,2840
ZZ,1,200306,88082,2296,85228,1,M,MACRON,Emmanuel,77625
ZZ,1,200306,88082,2296,85228,2,F,LE PEN,Marine,7603
ZZ,2,74873,26193,868,25040,1,M,MACRON,Emmanuel,22361
ZZ,2,74873,26193,868,25040,2,F,LE PEN,Marine,2679
ZZ,3,120665,62095,1301,60473,1,M,MACRON,Emmanuel,57288
ZZ,3,120665,62095,1301,60473,2,F,LE PEN,Marine,3185
ZZ,4,122922,66960,2325,64002,1,M,MACRON,Emmanuel,57324
ZZ,4,122922,66960,2325,64002,2,F,LE PEN,Marine,6678
ZZ,5,91349,36521,1509,34654,1,M,MACRON,Emmanuel,29422
ZZ,5,91349,36521,1509,34654,2,F,LE PEN,Marine,5232
ZZ,6,127412,67583,2971,63995,1,M,MACRON,Emmanuel,54720
ZZ,6,127412,67583,2971,63995,2,F,LE PEN,Marine,9275
ZZ,7,105905,58168,1278,56514,1,M,MACRON,Emmanuel,52956
ZZ,7,105905,58168,1278,56514,2,F,LE PEN,Marine,3558
ZZ,8,121386,32072,877,30948,1,M,MACRON,Emmanuel,27805
ZZ,8,121386,32072,877,30948,2,F,LE PEN,Marine,3143
ZZ,9,107788,44790,1889,42532,1,M,MACRON,Emmanuel,38842
ZZ,9,107788,44790,1889,42532,2,F,LE PEN,Marine,3690
ZZ,10,99917,48448,2353,45626,1,M,MACRON,Emmanuel,37091
ZZ,10,99917,48448,2353,45626,2,F,LE PEN,Marine,8535
ZZ,11,92707,49042,1847,46747,1,M,MACRON,Emmanuel,40910
ZZ,11,92707,49042,1847,46747,2,F,LE PEN,Marine,5837
